name,node_id,osm_node_id,ctrl_type,x_coord,y_coord,is_boundary,activity_type,poi_id,zone_id,notes
,1,213409446,,-76.5185740,42.4487870,,,,,
,2,213409480,,-76.5178110,42.4497830,,,,,
,3,9168379232,,-76.5005138,42.4459622,,,,,
,4,213409896,,-76.5012600,42.4468844,,,,,
,5,213409899,,-76.5019980,42.4478080,,,,,
,6,213409924,,-76.4595374,42.4293598,,,,,
,7,213409935,,-76.4591526,42.4300439,,,,,
,8,213409942,,-76.5107630,42.4233737,,,,,
,9,213409954,,-76.5089305,42.4243034,,,,,
,10,213409959,,-76.4951253,42.4313923,,,,,
,11,213409964,,-76.4951080,42.4308640,,,,,
,12,213410337,,-76.5034531,42.4306824,,,,,
,13,213410339,,-76.5035514,42.4317984,,,,,
,14,213410388,,-76.5333820,42.4136480,,,,,
,15,213410399,,-76.5344250,42.4148770,,,,,
,16,213410402,,-76.4787470,42.4741363,,,,,
,17,213410421,,-76.4773380,42.4749470,,,,,
,18,213410439,,-76.4760720,42.4750760,,,,,
,19,213410448,,-76.4746540,42.4750360,,,,,
,20,213410468,,-76.4725860,42.4759270,,,,,
,21,213410492,,-76.4721330,42.4784383,,,,,
,22,213410513,,-76.4416670,42.4320120,,,,,
,23,7899064308,,-76.4432341,42.4428290,,,,,
,24,213410848,,-76.4970280,42.4438880,,,,,
,25,213410864,,-76.4992700,42.4448090,,,,,
,26,213410917,,-76.4922852,42.4625211,,,,,
,27,213410959,,-76.4948911,42.4637194,,,,,
,28,213410869,,-76.4906970,42.4642240,,,,,
,29,213411373,,-76.5287400,42.4599950,,,,,
,30,213411399,,-76.5269030,42.4603070,,,,,
,31,213411415,,-76.5267632,42.4599457,,,,,
,32,213411430,,-76.4907180,42.4554210,,,,,
,33,213411454,,-76.4921040,42.4560560,,,,,
,34,213411669,,-76.4791240,42.4815210,,,,,
,35,4890313700,,-76.4822597,42.4815147,,,,,
,36,4873078448,,-76.4845030,42.4819690,,,,,
,37,213411653,,-76.4847940,42.4813750,,,,,
,38,213413034,,-76.5112890,42.4923940,,,,,
,39,213413094,,-76.5116914,42.4903435,,,,,
,40,8805442410,,-76.4744608,42.4485437,,,,,
,41,213413292,,-76.4743883,42.4485318,,,,,
,42,2401633603,,-76.4745394,42.4485567,,,,,
,43,213413289,,-76.4747400,42.4485841,,,,,
,44,213413283,,-76.4757251,42.4485107,,,,,
,45,8805442411,,-76.4750670,42.4485969,,,,,
,46,213413286,,-76.4749353,42.4485957,,,,,
,47,213437435,,-76.4734627,42.4377397,,,,,
,48,213523248,,-76.4743764,42.4389738,,,,,
,49,213413744,,-76.5364140,42.4359870,,,,,
,50,213413745,,-76.5364770,42.4378730,,,,,
,51,3044882415,,-76.5134744,42.4572319,,,,,
,52,3044882452,,-76.5128447,42.4576559,,,,,
,53,213415319,,-76.5160580,42.4555390,,,,,
,54,12524573242,,-76.5178112,42.4546484,,,,,
,55,213415414,,-76.4886150,42.4806460,,,,,
,56,213415425,,-76.4853786,42.4806212,,,,,
,57,213415517,,-76.4991890,42.4776850,,,,,
,58,213415482,,-76.4950350,42.4798240,,,,,
,59,213415525,,-76.4987500,42.4784290,,,,,
,60,213415593,,-76.4992350,42.4778730,,,,,
,61,213413158,,-76.4785239,42.4578500,,,,,
,62,213420677,,-76.4783296,42.4568134,,,,,
,63,213420943,,-76.5141510,42.4330050,,,,,
,64,213420947,,-76.5149190,42.4330260,,,,,
,65,213420940,,-76.5140000,42.4330070,,,,,
,66,213420950,,-76.5150670,42.4330470,,,,,
,67,213421416,,-76.5086287,42.4449539,,,,,
,68,213421407,,-76.5083349,42.4450922,,,,,
,69,213422370,,-76.5144870,42.4322890,,,,,
,70,213422381,,-76.5132590,42.4323910,,,,,
,71,213422384,,-76.5131240,42.4324600,,,,,
,72,213422385,,-76.5124050,42.4327980,,,,,
,73,213422722,,-76.4812833,42.4896100,,,,,
,74,213422724,,-76.4786215,42.4896711,,,,,
,75,213423028,,-76.5132800,42.4538370,,,,,
,76,213423034,,-76.5136410,42.4547200,,,,,
,77,213423945,,-76.5055723,42.4525146,,,,,
,78,1320832358,,-76.5045401,42.4530093,,,,,
,79,213424814,,-76.4990822,42.4631020,,,,,
,80,213424839,,-76.5004360,42.4623010,,,,,
,81,835863758,,-76.4985081,42.4798410,,,,,
,82,213425013,,-76.4976830,42.4792130,,,,,
,83,213425169,,-76.5180130,42.4070380,,,,,
,84,213425171,,-76.5164560,42.4069250,,,,,
,85,213425174,,-76.5180250,42.4064100,,,,,
,86,213425176,,-76.5169640,42.4064220,,,,,
,87,213425507,,-76.5148960,42.4535576,,,,,
,88,3044881782,,-76.5155103,42.4532505,,,,,
,89,213425884,,-76.4939130,42.3963070,,,,,
,90,213425892,,-76.4942920,42.3984140,,,,,
,91,1236778545,,-76.4665236,42.4417635,,,,,
,92,10186612290,,-76.4686964,42.4420517,,,,,
,93,213427654,,-76.5042000,42.4728510,,,,,
,94,213427669,,-76.5052540,42.4747280,,,,,
,95,213427674,,-76.5005026,42.4667535,,,,,
,96,213427683,,-76.5003550,42.4671380,,,,,
,97,213427800,,-76.5186410,42.4383620,,,,,
,98,213427802,,-76.5192443,42.4384053,,,,,
,99,213413304,,-76.4744158,42.4479859,,,,,
,100,213428100,,-76.4744464,42.4475725,,,,,
,101,213428105,,-76.4737561,42.4475695,,,,,
,102,213413302,,-76.4737567,42.4479873,,,,,
,103,213428252,,-76.4719173,42.4505540,,,,,
,104,213428257,,-76.4714156,42.4516939,,,,,
,105,213533138,,-76.4884008,42.4453186,,,,,
,106,213429689,,-76.4896457,42.4462368,,,,,
,107,213429760,,-76.5086262,42.4452416,,,,,
,108,213431769,,-76.4998270,42.4617090,,,,,
,109,213431753,,-76.4984160,42.4628720,,,,,
,110,213431774,,-76.4984674,42.4629791,,,,,
,111,213431802,,-76.4984482,42.4661986,,,,,
,112,213431813,,-76.4832403,42.4801713,,,,,
,113,213415439,,-76.4831790,42.4807390,,,,,
,114,1320832083,,-76.5048798,42.4539676,,,,,
,115,10076888952,,-76.5038811,42.4565507,,,,,
,116,213442784,,-76.5063343,42.4534821,,,,,
,117,213432136,,-76.4703845,42.4437163,,,,,
,118,213432138,,-76.4704310,42.4441646,,,,,
,119,213432224,,-76.5272450,42.4265990,,,,,
,120,213432248,,-76.5235934,42.4266494,,,,,
,121,213432249,,-76.5233231,42.4266339,,,,,
,122,213432349,,-76.4424224,42.4503530,,,,,
,123,213432374,,-76.4428871,42.4514111,,,,,
,124,213432446,,-76.4414967,42.4515285,,,,,
,125,13413548617,,-76.4970079,42.4331150,,,,,
,126,13555981275,,-76.5012880,42.4292369,,,,,
,127,213432627,signal,-76.5081830,42.4356860,,,,,
,128,213431215,,-76.5094848,42.4360712,,,,,
,129,12335145727,,-76.4785892,42.4555379,,,,,
,130,213432818,,-76.4747640,42.4345590,,,,,
,131,213432823,,-76.4748010,42.4351210,,,,,
,132,213433227,,-76.4835586,42.4867475,,,,,
,133,213433233,,-76.4836249,42.4876290,,,,,
,134,213433235,,-76.4836484,42.4880645,,,,,
,135,213433382,,-76.4840954,42.4645889,,,,,
,136,213433435,,-76.4798935,42.4697808,,,,,
,137,213433351,,-76.4866210,42.4637320,,,,,
,138,213433310,,-76.4901590,42.4651151,,,,,
,139,213433775,,-76.4858120,42.4911510,,,,,
,140,213433791,,-76.4856230,42.4898430,,,,,
,141,213433803,,-76.4661930,42.4270900,,,,,
,142,213433805,,-76.4672206,42.4261947,,,,,
,143,213434894,,-76.5022310,42.4527420,,,,,
,144,213434908,,-76.5008420,42.4544830,,,,,
,145,213435583,,-76.4841820,42.4368150,,,,,
,146,213435581,,-76.4848680,42.4364770,,,,,
,147,213435680,,-76.4883400,42.4375490,,,,,
,148,213435693,,-76.4885120,42.4386770,,,,,
,149,213435745,,-76.5076624,42.4264539,,,,,
,150,213435749,,-76.5078014,42.4283755,,,,,
,151,213435754,,-76.5082667,42.4282160,,,,,
,152,213435759,signal,-76.5081261,42.4284429,,,,,
,153,213435850,,-76.4700014,42.4308692,,,,,
,154,213435851,,-76.4709472,42.4322657,,,,,
,155,5423555291,,-76.4696261,42.4300935,,,,,
,156,213435839,,-76.4695696,42.4294931,,,,,
,157,213435893,,-76.4743190,42.4377674,,,,,
,158,213435964,,-76.4802280,42.4746980,,,,,
,159,213435972,,-76.4800500,42.4736330,,,,,
,160,213436277,,-76.4633421,42.4696454,,,,,
,161,213436285,,-76.4646040,42.4698150,,,,,
,162,213436370,,-76.4954970,42.4296340,,,,,
,163,213436422,,-76.4924205,42.4304675,,,,,
,164,213436357,,-76.4952694,42.4292277,,,,,
,165,213436621,,-76.4757850,42.4433350,,,,,
,166,213437111,,-76.4762785,42.4432509,,,,,
,167,213437439,,-76.4744552,42.4377684,,,,,
,168,213437404,,-76.4650480,42.4364620,,,,,
,169,213437430,,-76.4725263,42.4377000,,,,,
,170,213420855,,-76.4858492,42.4373944,,,,,
,171,213437491,signal,-76.4860903,42.4372732,,,,,
,172,213437503,,-76.4850390,42.4376511,,,,,
,173,213437571,,-76.5219990,42.4408620,,,,,
,174,213437584,,-76.5226863,42.4407142,,,,,
,175,213437593,,-76.4681386,42.4587821,,,,,
,176,213437654,,-76.4583220,42.4614840,,,,,
,177,213437814,,-76.4956168,42.4198171,,,,,
,178,2035040177,,-76.4940090,42.4203717,,,,,
,179,2035040160,,-76.4956158,42.4199656,,,,,
,180,213438401,,-76.4878750,42.4957350,,,,,
,181,213438409,,-76.4853670,42.4957720,,,,,
,182,213438431,,-76.4810220,42.4971390,,,,,
,183,213438434,,-76.4810927,42.4983649,,,,,
,184,213439241,,-76.5058520,42.4433090,,,,,
,185,213439243,,-76.5059080,42.4444015,,,,,
,186,5251072135,,-76.5058050,42.4424000,,,,,
,187,213439237,,-76.5057370,42.4411080,,,,,
,188,213439372,,-76.4916716,42.4731580,,,,,
,189,213439418,,-76.4945816,42.4742371,,,,,
,190,213439581,,-76.4809750,42.4191690,,,,,
,191,213439579,,-76.4809090,42.4191830,,,,,
,192,213439699,,-76.4814560,42.4187300,,,,,
,193,213440020,,-76.4886080,42.4407020,,,,,
,194,213440021,,-76.4886520,42.4416020,,,,,
,195,213440382,,-76.4838584,42.4234401,,,,,
,196,213440400,,-76.4824818,42.4226443,,,,,
,197,213440505,,-76.4876681,42.4491205,,,,,
,198,5285957653,,-76.4873598,42.4463634,,,,,
,199,213440523,,-76.4877308,42.4496017,,,,,
,200,5286485294,,-76.4876755,42.4491774,,,,,
,201,213440542,,-76.4875958,42.4446998,,,,,
,202,213440534,,-76.4875776,42.4439153,,,,,
,203,213440840,signal,-76.4989731,42.4386355,,,,,
,204,6903081262,,-76.4976434,42.4386710,,,,,
,205,213440872,,-76.4967967,42.4369407,,,,,
,206,213440846,,-76.4988218,42.4352106,,,,,
,207,213440879,,-76.4833570,42.4604340,,,,,
,208,213440884,,-76.4832150,42.4598230,,,,,
,209,213440890,,-76.4832400,42.4597240,,,,,
,210,213440995,,-76.4587264,42.4684685,,,,,
,211,213441018,,-76.4554470,42.4684820,,,,,
,212,213441336,,-76.4821028,42.4586423,,,,,
,213,213441364,,-76.4820103,42.4605316,,,,,
,214,213441373,,-76.4826891,42.4613044,,,,,
,215,213441301,,-76.4812938,42.4563063,,,,,
,216,213421003,,-76.4621263,42.4480851,,,,,
,217,213441658,,-76.4649929,42.4484553,,,,,
,218,213441809,,-76.4827574,42.4475771,,,,,
,219,213441806,signal,-76.4826210,42.4451691,,,,,
,220,1319459686,,-76.4782372,42.4532509,,,,,
,221,767579671,,-76.4811105,42.4525796,,,,,
,222,2095822837,,-76.4766329,42.4532480,,,,,
,223,12230364534,,-76.4767469,42.4532507,,,,,
,224,6765307931,,-76.4765438,42.4532477,,,,,
,225,213449627,,-76.4735569,42.4553636,,,,,
,226,1319459483,,-76.4773612,42.4532489,,,,,
,227,213442000,,-76.4750824,42.4312890,,,,,
,228,213442010,,-76.4772020,42.4322310,,,,,
,229,213442012,signal,-76.4783196,42.4327321,,,,,
,230,213442020,,-76.4795500,42.4333530,,,,,
,231,213442050,,-76.4820490,42.4347660,,,,,
,232,213442060,,-76.4844818,42.4362246,,,,,
,233,213442062,,-76.4851315,42.4366625,,,,,
,234,213442426,,-76.4937690,42.4823770,,,,,
,235,213442432,,-76.4939300,42.4832300,,,,,
,236,213442453,,-76.5019510,42.4526490,,,,,
,237,213442462,,-76.4997770,42.4527090,,,,,
,238,213442468,,-76.4866260,42.4563830,,,,,
,239,213442475,,-76.4870020,42.4565360,,,,,
,240,213442477,,-76.4872190,42.4566780,,,,,
,241,213442485,,-76.4860390,42.4562290,,,,,
,242,213450709,,-76.4864110,42.4583230,,,,,
,243,213442496,,-76.4836840,42.4536414,,,,,
,244,213442503,,-76.4838014,42.4545741,,,,,
,245,213442507,,-76.4838550,42.4550870,,,,,
,246,213442728,,-76.5020395,42.4788196,,,,,
,247,213442759,,-76.5034930,42.4804290,,,,,
,248,213442763,,-76.4831800,42.4391370,,,,,
,249,213442782,,-76.4816400,42.4394500,,,,,
,250,213443102,,-76.4922590,42.4367500,,,,,
,251,213443108,,-76.4947360,42.4366820,,,,,
,252,213443145,,-76.5006050,42.4471690,,,,,
,253,213443155,,-76.5007395,42.4483390,,,,,
,254,213443780,,-76.5057804,42.4454660,,,,,
,255,213443791,,-76.5047490,42.4459530,,,,,
,256,213444223,,-76.5112905,42.4943740,,,,,
,257,213444255,,-76.5103200,42.4973100,,,,,
,258,213444425,,-76.4698923,42.4692156,,,,,
,259,213444455,,-76.4737080,42.4710050,,,,,
,260,213444558,,-76.4905170,42.4320454,,,,,
,261,213444561,,-76.4906057,42.4325329,,,,,
,262,1312150757,,-76.5071829,42.4489744,,,,,
,263,11225658185,,-76.5103408,42.4459484,,,,,
,264,213437676,signal,-76.5017660,42.4403180,,,,,
,265,213444982,signal,-76.5017210,42.4394590,,,,,
,266,213445524,,-76.5369966,42.4698603,,,,,
,267,213420664,,-76.5375060,42.4714076,,,,,
,268,213437683,,-76.5061787,42.4401835,,,,,
,269,213445957,,-76.5062240,42.4410970,,,,,
,270,213445955,signal,-76.5061340,42.4393240,,,,,
,271,213446111,,-76.4920841,42.4497094,,,,,
,272,213446171,,-76.4946290,42.4521645,,,,,
,273,213447279,signal,-76.5152661,42.4416865,,,,,
,274,563077561,,-76.5146121,42.4439910,,,,,
,275,213447726,,-76.4902525,42.4671771,,,,,
,276,213447758,,-76.4889324,42.4686025,,,,,
,277,213447782,,-76.4881250,42.4703860,,,,,
,278,213447816,,-76.4844590,42.4708250,,,,,
,279,213448132,,-76.4830930,42.4425380,,,,,
,280,213448134,,-76.4830610,42.4417501,,,,,
,281,213448148,,-76.4907735,42.4703255,,,,,
,282,213448154,,-76.4907119,42.4699856,,,,,
,283,213448314,,-76.4905107,42.4683719,,,,,
,284,213448339,,-76.4891707,42.4713869,,,,,
,285,213448373,,-76.4841920,42.4713100,,,,,
,286,213448390,,-76.4803311,42.4701187,,,,,
,287,3281285734,,-76.4888276,42.4220137,,,,,
,288,3281285735,,-76.4887633,42.4221578,,,,,
,289,6760584655,,-76.4903205,42.4215544,,,,,
,290,12230102167,,-76.4902254,42.4215253,,,,,
,291,3281285733,,-76.4889886,42.4218283,,,,,
,292,3281285732,,-76.4890394,42.4217811,,,,,
,293,3281285737,,-76.4887295,42.4224304,,,,,
,294,3281285738,,-76.4887521,42.4225538,,,,,
,295,3281285736,,-76.4887360,42.4222856,,,,,
,296,3281285741,,-76.4888475,42.4229812,,,,,
,297,3281285789,,-76.4892804,42.4261347,,,,,
,298,6760584675,,-76.4887794,42.4226780,,,,,
,299,12230110114,,-76.4887709,42.4226393,,,,,
,300,9206327773,,-76.4901303,42.4215011,,,,,
,301,9206327772,,-76.4900042,42.4214813,,,,,
,302,6760584642,,-76.4909698,42.4217387,,,,,
,303,3281285731,,-76.4908265,42.4217324,,,,,
,304,3281285730,,-76.4906577,42.4216896,,,,,
,305,6760584663,,-76.4905755,42.4216584,,,,,
,306,3281285728,,-76.4904856,42.4216243,,,,,
,307,213448624,,-76.4933193,42.4211378,,,,,
,308,6760584629,,-76.4918889,42.4214200,,,,,
,309,3281285729,,-76.4891745,42.4216787,,,,,
,310,12230102165,,-76.4899116,42.4214765,,,,,
,311,9206327771,,-76.4897818,42.4214797,,,,,
,312,3281285723,,-76.4896688,42.4214904,,,,,
,313,12230102166,,-76.4895800,42.4215070,,,,,
,314,9206327770,,-76.4895000,42.4215251,,,,,
,315,3281285727,,-76.4893763,42.4215656,,,,,
,316,12230110115,,-76.4892682,42.4216188,,,,,
,317,6760860551,,-76.4972244,42.4200295,,,,,
,318,3572200193,,-76.4963828,42.4204185,,,,,
,319,3572200196,,-76.4963521,42.4204418,,,,,
,320,213483688,,-76.4989007,42.4195986,,,,,
,321,213447327,,-76.5139699,42.4454225,,,,,
,322,213447349,,-76.5128346,42.4487723,,,,,
,323,213447394,,-76.5133056,42.4519733,,,,,
,324,213449576,,-76.4701282,42.4532779,,,,,
,325,213450064,,-76.4554950,42.4694360,,,,,
,326,213450068,,-76.4555360,42.4703950,,,,,
,327,213450070,,-76.4555820,42.4713580,,,,,
,328,213450117,,-76.4953870,42.4252050,,,,,
,329,213450218,,-76.4970198,42.4285412,,,,,
,330,213450231,,-76.4994115,42.4214779,,,,,
,331,213450245,,-76.4985242,42.4215128,,,,,
,332,213450385,,-76.4878730,42.4457230,,,,,
,333,213450402,,-76.4885377,42.4467190,,,,,
,334,213450430,,-76.4867250,42.4596240,,,,,
,335,213450557,,-76.4632884,42.4805118,,,,,
,336,213450549,,-76.4632189,42.4787030,,,,,
,337,213450714,,-76.4849470,42.4584680,,,,,
,338,213451315,,-76.4712570,42.4718780,,,,,
,339,213451317,,-76.4712920,42.4730660,,,,,
,340,213451321,,-76.4713270,42.4740650,,,,,
,341,213451340,,-76.4786154,42.4740335,,,,,
,342,213452157,,-76.4849570,42.3839230,,,,,
,343,213452229,,-76.4829990,42.4033330,,,,,
,344,213452335,,-76.4965580,42.4590150,,,,,
,345,213452370,,-76.4962580,42.4599600,,,,,
,346,213452409,,-76.4952170,42.4585590,,,,,
,347,213452457,,-76.4948621,42.4627289,,,,,
,348,213452938,,-76.4685790,42.4719170,,,,,
,349,213452983,,-76.4665310,42.4719560,,,,,
,350,213453065,,-76.4851749,42.4230861,,,,,
,351,213453086,,-76.4825252,42.4235193,,,,,
,352,213453088,,-76.4820620,42.4235590,,,,,
,353,213453206,,-76.5248518,42.4299078,,,,,
,354,5403556660,,-76.5183046,42.4361363,,,,,
,355,213453267,,-76.5153837,42.4410302,,,,,
,356,213449469,signal,-76.5151700,42.4412000,,,,,
,357,213454283,,-76.5049630,42.4444393,,,,,
,358,213454284,,-76.5054290,42.4450210,,,,,
,359,213454294,,-76.5061850,42.4459520,,,,,
,360,213454297,,-76.5069160,42.4468560,,,,,
,361,213454371,,-76.4569760,42.4772040,,,,,
,362,213454380,,-76.4576270,42.4772530,,,,,
,363,213454360,,-76.4575360,42.4755250,,,,,
,364,5195347677,,-76.4798035,42.4454943,,,,,
,365,213454438,signal,-76.4797653,42.4476071,,,,,
,366,213454513,,-76.5012103,42.4622700,,,,,
,367,213422445,,-76.5016201,42.4631869,,,,,
,368,213454512,,-76.5012030,42.4621523,,,,,
,369,213454449,,-76.5048659,42.4604410,,,,,
,370,213454618,,-76.4808140,42.4384390,,,,,
,371,213454633,,-76.4811530,42.4387270,,,,,
,372,213454656,,-76.4832130,42.4382860,,,,,
,373,213455021,,-76.4290270,42.4448910,,,,,
,374,213410579,,-76.4429020,42.4441140,,,,,
,375,213455047,,-76.4489410,42.4446996,,,,,
,376,213455169,,-76.4534390,42.4715830,,,,,
,377,213455185,,-76.4542790,42.4714060,,,,,
,378,213455191,,-76.4568847,42.4713710,,,,,
,379,213456405,,-76.4527096,42.4232958,,,,,
,380,213456408,,-76.4521910,42.4242275,,,,,
,381,213456390,,-76.4530788,42.4219759,,,,,
,382,213456441,,-76.4619192,42.4739403,,,,,
,383,213448486,,-76.4616303,42.4672255,,,,,
,384,213456463,,-76.4895547,42.4792816,,,,,
,385,213456466,,-76.4893618,42.4796113,,,,,
,386,213456694,,-76.4994170,42.4472250,,,,,
,387,213456686,,-76.5009990,42.4469955,,,,,
,388,213456828,,-76.5226470,42.4336490,,,,,
,389,213456842,,-76.5206190,42.4354770,,,,,
,390,213456865,,-76.5193860,42.4380190,,,,,
,391,213456974,,-76.5256528,42.4557084,,,,,
,392,213456995,,-76.5264670,42.4562470,,,,,
,393,213456944,,-76.5241787,42.4553345,,,,,
,394,213456916,,-76.5226950,42.4546580,,,,,
,395,213449564,,-76.5215070,42.4545030,,,,,
,396,213457012,signal,-76.4670121,42.4786294,,,,,
,397,4890502027,,-76.4665576,42.4786332,,,,,
,398,213457676,,-76.5044292,42.4874550,,,,,
,399,7767877955,,-76.4886062,42.4881093,,,,,
,400,213457960,,-76.4541660,42.4684530,,,,,
,401,213457969,,-76.4532960,42.4684240,,,,,
,402,213457993,,-76.5014175,42.4335180,,,,,
,403,213457996,,-76.5014570,42.4341810,,,,,
,404,268081465,,-76.5014583,42.4342533,,,,,
,405,213457990,,-76.5013983,42.4328254,,,,,
,406,6925787446,,-76.5013882,42.4320444,,,,,
,407,213458258,,-76.4582430,42.4749235,,,,,
,408,213458260,,-76.4569340,42.4749435,,,,,
,409,213458283,,-76.4803914,42.4348253,,,,,
,410,213458320,,-76.4784213,42.4362698,,,,,
,411,213458334,,-76.4825453,42.4361512,,,,,
,412,213458350,,-76.4816230,42.4366500,,,,,
,413,213458366,,-76.4786729,42.4370985,,,,,
,414,6279599501,,-76.4908641,42.4301819,,,,,
,415,213458709,,-76.4923332,42.4303044,,,,,
,416,213458695,,-76.4915726,42.4295450,,,,,
,417,213458688,,-76.4911920,42.4291410,,,,,
,418,213458835,,-76.4568324,42.4723002,,,,,
,419,213458867,,-76.4582040,42.4740185,,,,,
,420,213442091,,-76.4921090,42.4392740,,,,,
,421,213458971,,-76.4921760,42.4406010,,,,,
,422,213458976,,-76.4922060,42.4415060,,,,,
,423,3425350414,,-76.5055531,42.4294981,,,,,
,424,213460433,,-76.4457990,42.4722070,,,,,
,425,213460435,,-76.4502651,42.4721449,,,,,
,426,213460811,,-76.4980400,42.4426230,,,,,
,427,213460814,,-76.4981210,42.4441620,,,,,
,428,213435230,,-76.4548175,42.4828423,,,,,
,429,826215234,,-76.4572482,42.4853572,,,,,
,430,213462430,,-76.4998770,42.4541890,,,,,
,431,213462442,,-76.5006596,42.4543313,,,,,
,432,213462505,,-76.4774787,42.4494375,,,,,
,433,213454388,,-76.4796424,42.4495159,,,,,
,434,213462720,,-76.4978379,42.4527879,,,,,
,435,213462725,,-76.4978860,42.4535040,,,,,
,436,213463044,,-76.5246628,42.4566255,,,,,
,437,213463060,,-76.5241948,42.4568528,,,,,
,438,213463244,,-76.5072200,42.4100510,,,,,
,439,213463304,,-76.5135811,42.4102908,,,,,
,440,5834492248,,-76.5138327,42.4102395,,,,,
,441,213463825,,-76.4834890,42.4149760,,,,,
,442,213463834,,-76.4804620,42.4178610,,,,,
,443,213463846,,-76.5018310,42.4318070,,,,,
,444,213463980,,-76.4819875,42.4781794,,,,,
,445,213463982,,-76.4816438,42.4781884,,,,,
,446,213464033,,-76.4705520,42.4655970,,,,,
,447,213464041,,-76.4721240,42.4655540,,,,,
,448,213464029,,-76.4688940,42.4656580,,,,,
,449,213464020,,-76.4666570,42.4657190,,,,,
,450,213464049,,-76.4615765,42.4223833,,,,,
,451,213464082,,-76.4624914,42.4297008,,,,,
,452,213427118,,-76.4690494,42.4418861,,,,,
,453,9491355003,,-76.4666315,42.4405027,,,,,
,454,213464139,,-76.4699029,42.4428917,,,,,
,455,213464459,,-76.5028129,42.4765304,,,,,
,456,213464484,,-76.5005275,42.4774488,,,,,
,457,213464492,,-76.5028552,42.4764149,,,,,
,458,213464578,,-76.5337850,42.4360670,,,,,
,459,5483045343,,-76.5339622,42.4391856,,,,,
,460,213464609,,-76.5342835,42.4483754,,,,,
,461,213464808,,-76.4678300,42.4281180,,,,,
,462,213464819,,-76.4652109,42.4285307,,,,,
,463,213464823,,-76.5039080,42.4506380,,,,,
,464,213464834,,-76.5029480,42.4511410,,,,,
,465,213465405,,-76.4759500,42.4775960,,,,,
,466,213466277,,-76.4894791,42.4872580,,,,,
,467,213466284,,-76.4881402,42.4874068,,,,,
,468,213466295,,-76.4959140,42.4450370,,,,,
,469,213466297,,-76.4946870,42.4450760,,,,,
,470,213462759,,-76.4970880,42.4450040,,,,,
,471,213466291,,-76.4981620,42.4449720,,,,,
,472,213466289,,-76.4992720,42.4449390,,,,,
,473,213466304,,-76.4945726,42.4427280,,,,,
,474,10077606285,,-76.4945361,42.4431682,,,,,
,475,213466463,,-76.4747090,42.4332220,,,,,
,476,213466541,,-76.4851836,42.4403088,,,,,
,477,213466544,,-76.4874087,42.4402563,,,,,
,478,213466733,,-76.4863010,42.4531820,,,,,
,479,213466789,,-76.4847099,42.4535580,,,,,
,480,213466945,,-76.5248068,42.4519023,,,,,
,481,213466968,,-76.5232726,42.4523899,,,,,
,482,213466912,,-76.5265080,42.4487760,,,,,
,483,213467183,,-76.4929271,42.4660986,,,,,
,484,213467197,,-76.4935660,42.4661590,,,,,
,485,213437126,,-76.4794850,42.4411168,,,,,
,486,213467242,,-76.4794638,42.4405404,,,,,
,487,213467296,,-76.4906710,42.4785430,,,,,
,488,213467298,,-76.4906460,42.4795816,,,,,
,489,213467250,,-76.4929718,42.4769757,,,,,
,490,1234923898,,-76.4819513,42.4513458,,,,,
,491,213441844,signal,-76.4820788,42.4512980,,,,,
,492,6342326019,,-76.4771472,42.4567178,,,,,
,493,213467710,,-76.4750477,42.4567506,,,,,
,494,213449630,,-76.4741523,42.4568390,,,,,
,495,213467801,,-76.5004360,42.4809820,,,,,
,496,213467818,,-76.4998089,42.4801443,,,,,
,497,213467860,,-76.4996902,42.4216416,,,,,
,498,213443724,,-76.5010150,42.4218260,,,,,
,499,213443721,,-76.5010550,42.4217040,,,,,
,500,213467870,,-76.4997312,42.4214246,,,,,
,501,213468041,,-76.5252806,42.4357068,,,,,
,502,213468035,,-76.5252130,42.4362670,,,,,
,503,213468188,,-76.4972813,42.4607719,,,,,
,504,12522698535,,-76.4980604,42.4622088,,,,,
,505,213468202,,-76.4981441,42.4623678,,,,,
,506,213468131,,-76.4971820,42.4563230,,,,,
,507,1240450316,,-76.4970271,42.4574604,,,,,
,508,213432696,,-76.5159684,42.4363454,,,,,
,509,213468791,,-76.5178954,42.4332693,,,,,
,510,213468801,,-76.4921240,42.4666460,,,,,
,511,213468812,,-76.4924300,42.4667910,,,,,
,512,213468853,,-76.4955590,42.4695600,,,,,
,513,213468869,,-76.4925020,42.4665690,,,,,
,514,4723135128,,-76.4505853,42.4792312,,,,,
,515,213469024,,-76.4430660,42.4504971,,,,,
,516,213469063,,-76.4443470,42.4517460,,,,,
,517,213469227,,-76.4813613,42.4049037,,,,,
,518,213469268,,-76.4826730,42.4078000,,,,,
,519,2982081690,,-76.4501976,42.4706745,,,,,
,520,213469536,,-76.4470560,42.4709750,,,,,
,521,213441419,,-76.4841524,42.4664545,,,,,
,522,213469546,,-76.4842998,42.4664524,,,,,
,523,213469627,,-76.4998260,42.4534420,,,,,
,524,213469826,,-76.4708907,42.4304601,,,,,
,525,213470027,,-76.4598798,42.4739769,,,,,
,526,213470038,,-76.4467916,42.4208877,,,,,
,527,213470059,,-76.4468060,42.4211731,,,,,
,528,213470032,,-76.4467280,42.4199462,,,,,
,529,213470179,,-76.5094891,42.4887009,,,,,
,530,213470213,,-76.5051010,42.4882036,,,,,
,531,213470257,,-76.5204089,42.4516764,,,,,
,532,213470299,,-76.5218511,42.4529296,,,,,
,533,213470747,,-76.5375030,42.4359540,,,,,
,534,213470766,,-76.5260350,42.4362420,,,,,
,535,213470593,,-76.5537480,42.4354200,,,,,
,536,213472328,,-76.4942902,42.4820867,,,,,
,537,213472329,,-76.4944360,42.4831545,,,,,
,538,213472412,signal,-76.5086020,42.4443176,,,,,
,539,213469000,,-76.5068860,42.4443760,,,,,
,540,213472420,,-76.5064550,42.4443957,,,,,
,541,213411306,,-76.5388700,42.4670450,,,,,
,542,213472459,signal,-76.5394650,42.4665010,,,,,
,543,213472558,,-76.5407240,42.4738110,,,,,
,544,213425499,,-76.5390934,42.4684367,,,,,
,545,213472724,,-76.4764430,42.4389304,,,,,
,546,213472727,,-76.4764780,42.4398670,,,,,
,547,213437452,,-76.4764030,42.4377930,,,,,
,548,829673655,,-76.4813666,42.4950279,,,,,
,549,213472762,,-76.4786740,42.4952420,,,,,
,550,213472742,,-76.4848720,42.4948780,,,,,
,551,213472740,,-76.4901765,42.4946988,,,,,
,552,213472895,,-76.5261820,42.4394380,,,,,
,553,3641519691,,-76.4837921,42.4247446,,,,,
,554,213473267,,-76.4847899,42.4261544,,,,,
,555,213473403,,-76.4860070,42.4043890,,,,,
,556,213473442,,-76.4851240,42.4025000,,,,,
,557,213473500,,-76.4852280,42.3998550,,,,,
,558,213473508,,-76.4879790,42.4965900,,,,,
,559,213473516,,-76.4854750,42.4966530,,,,,
,560,213473671,,-76.4749710,42.4859690,,,,,
,561,213473681,,-76.4749600,42.4864460,,,,,
,562,213473689,,-76.5305969,42.4484661,,,,,
,563,213473697,,-76.5305914,42.4495187,,,,,
,564,213473705,,-76.5285917,42.4495993,,,,,
,565,213473702,,-76.5286186,42.4500909,,,,,
,566,213473792,,-76.4908233,42.4420811,,,,,
,567,213473796,,-76.4905050,42.4420860,,,,,
,568,213473799,,-76.4898480,42.4421040,,,,,
,569,213473804,,-76.4907950,42.4415420,,,,,
,570,213473820,,-76.4911127,42.4715220,,,,,
,571,213473823,,-76.4914830,42.4726274,,,,,
,572,213473861,,-76.4951108,42.4769818,,,,,
,573,213473875,,-76.4967840,42.4766940,,,,,
,574,213474064,,-76.4964442,42.4620672,,,,,
,575,213474360,,-76.4610870,42.4051510,,,,,
,576,213474254,,-76.4555735,42.4099240,,,,,
,577,213474458,,-76.4507797,42.4134925,,,,,
,578,213474552,,-76.4498719,42.4151657,,,,,
,579,10268662953,,-76.4967223,42.4336105,,,,,
,580,213475265,,-76.4967030,42.4347920,,,,,
,581,213475268,,-76.4967350,42.4356340,,,,,
,582,213475270,,-76.4967400,42.4357460,,,,,
,583,213443111,,-76.4967790,42.4366190,,,,,
,584,213472432,,-76.5021720,42.4445100,,,,,
,585,213476600,,-76.5026020,42.4450440,,,,,
,586,213469012,,-76.5033360,42.4459530,,,,,
,587,213476603,,-76.5040850,42.4468800,,,,,
,588,213476606,,-76.5048290,42.4478020,,,,,
,589,213442098,,-76.4935352,42.4394205,,,,,
,590,213477376,,-76.4942291,42.4399316,,,,,
,591,213440807,,-76.4943731,42.4391908,,,,,
,592,213442100,signal,-76.4942465,42.4394920,,,,,
,593,213478290,,-76.4975390,42.4347860,,,,,
,594,213478264,,-76.4987790,42.4333568,,,,,
,595,7579074951,,-76.4890006,42.4376622,,,,,
,596,213442072,,-76.4892270,42.4390720,,,,,
,597,213478504,,-76.4874250,42.4407260,,,,,
,598,213478507,,-76.4874670,42.4416390,,,,,
,599,213478502,,-76.4873791,42.4395354,,,,,
,600,213442067,,-76.4874359,42.4380508,,,,,
,601,213432562,,-76.4982644,42.4281284,,,,,
,602,213479284,signal,-76.4994910,42.4483680,,,,,
,603,213479644,signal,-76.4873033,42.4861586,,,,,
,604,4896174259,,-76.4868685,42.4862237,,,,,
,605,213479704,,-76.4962966,42.4513845,,,,,
,606,213466336,,-76.4950912,42.4514234,,,,,
,607,213462792,,-76.4974980,42.4513290,,,,,
,608,213479979,,-76.5537050,42.4908090,,,,,
,609,213480037,,-76.5395390,42.4910990,,,,,
,610,213480047,,-76.5002441,42.4460553,,,,,
,611,213480084,signal,-76.5039090,42.4516550,,,,,
,612,213480101,,-76.5043753,42.4512482,,,,,
,614,8665571699,,-76.5094147,42.4524370,,,,,
,615,3605588216,,-76.5094283,42.4524373,,,,,
,616,213508010,,-76.5033720,42.4036666,,,,,
,617,213480664,,-76.5033410,42.4045840,,,,,
,618,213480758,,-76.5251660,42.4414500,,,,,
,619,213480775,,-76.5240680,42.4418520,,,,,
,620,213472910,,-76.5261975,42.4412328,,,,,
,621,213480840,,-76.5206390,42.4406950,,,,,
,622,213472913,,-76.5262360,42.4418430,,,,,
,623,213480854,,-76.5262240,42.4420890,,,,,
,624,213480883,,-76.4907380,42.4361940,,,,,
,625,213480892,,-76.4912100,42.4373540,,,,,
,626,213481170,,-76.4804230,42.4636860,,,,,
,627,213481187,,-76.4807080,42.4652450,,,,,
,628,213481574,,-76.4551507,42.4208537,,,,,
,629,213481597,,-76.4507932,42.4206665,,,,,
,630,213481643,,-76.5131310,42.4358240,,,,,
,631,213481650,,-76.5133990,42.4353250,,,,,
,632,213481682,,-76.5130620,42.4357430,,,,,
,633,213481640,,-76.5130750,42.4359010,,,,,
,634,213481676,,-76.5132580,42.4352900,,,,,
,635,213481675,,-76.5133760,42.4351490,,,,,
,636,213481900,,-76.4981050,42.4668730,,,,,
,637,213482023,,-76.4865140,42.4598970,,,,,
,638,213482049,,-76.4864360,42.4626000,,,,,
,639,837158246,,-76.4867826,42.4653312,,,,,
,640,213482128,,-76.4868460,42.4592940,,,,,
,641,213482163,,-76.4707790,42.4491810,,,,,
,642,213482174,,-76.4703650,42.4491050,,,,,
,643,213482285,,-76.4705370,42.4490130,,,,,
,644,213482185,,-76.4650694,42.4500443,,,,,
,645,213482840,,-76.4730057,42.4507848,,,,,
,646,213482829,,-76.4711970,42.4505800,,,,,
,647,213483185,,-76.4944010,42.4414410,,,,,
,648,213483452,,-76.4973955,42.4241219,,,,,
,649,5954567445,,-76.4983013,42.4225524,,,,,
,650,5954567444,,-76.4984716,42.4224922,,,,,
,651,5954567447,,-76.4996362,42.4216545,,,,,
,652,5954567446,,-76.4981964,42.4224529,,,,,
,653,5954567443,,-76.4984592,42.4223614,,,,,
,654,213483536,,-76.4994559,42.4216185,,,,,
,655,213483721,,-76.4996266,42.4213827,,,,,
,656,213478606,,-76.4886030,42.4265270,,,,,
,657,213437173,,-76.4842230,42.4416370,,,,,
,658,213483870,,-76.4841550,42.4393360,,,,,
,659,213484943,,-76.4696852,42.4453111,,,,,
,660,1319459475,,-76.4687081,42.4438481,,,,,
,661,213485036,,-76.4839116,42.4064742,,,,,
,662,213485070,,-76.4850885,42.4082125,,,,,
,663,213422449,,-76.5004440,42.4625438,,,,,
,664,213485629,,-76.4849032,42.4622897,,,,,
,665,213441396,,-76.4835345,42.4630738,,,,,
,666,213485787,,-76.4886236,42.4821788,,,,,
,667,829661053,,-76.4871490,42.4823970,,,,,
,668,213468213,,-76.4990239,42.4639580,,,,,
,669,213422490,,-76.5002667,42.4627108,,,,,
,670,213462774,,-76.4973050,42.4484320,,,,,
,671,213485887,,-76.4961050,42.4484660,,,,,
,672,213485878,,-76.4983820,42.4484000,,,,,
,673,213485895,,-76.4683120,42.4531300,,,,,
,674,213485925,,-76.4672202,42.4523240,,,,,
,675,213486004,,-76.5210952,42.4489627,,,,,
,676,213486010,,-76.5219119,42.4502742,,,,,
,677,213486025,,-76.5227060,42.4512760,,,,,
,678,213486349,,-76.4746343,42.4412832,,,,,
,679,5216420284,,-76.4668086,42.4399506,,,,,
,680,213486666,,-76.4799630,42.4537550,,,,,
,681,213486669,,-76.4800500,42.4536990,,,,,
,682,213486711,,-76.4808966,42.4532567,,,,,
,683,213486911,,-76.4877452,42.4423286,,,,,
,684,213486843,,-76.4887370,42.4423039,,,,,
,685,213466341,,-76.4951261,42.4521484,,,,,
,686,213486947,,-76.4963460,42.4521010,,,,,
,687,213486967,,-76.4754094,42.4715246,,,,,
,688,213486982,,-76.4754550,42.4702070,,,,,
,689,213486991,,-76.4754600,42.4698110,,,,,
,690,213454697,,-76.5304780,42.4184060,,,,,
,691,213487362,,-76.5326740,42.4183180,,,,,
,692,213487370,,-76.4659269,42.4509467,,,,,
,693,213487379,,-76.4662372,42.4511666,,,,,
,694,213436730,,-76.4446506,42.4530566,,,,,
,695,9491355102,,-76.4593001,42.4530299,,,,,
,696,213487824,,-76.5236530,42.4345490,,,,,
,697,6325413915,,-76.5221787,42.4360572,,,,,
,698,213488101,,-76.5250510,42.4576530,,,,,
,699,213488137,,-76.5262796,42.4597848,,,,,
,700,213428451,,-76.5188608,42.4443050,,,,,
,701,213467056,,-76.5168450,42.4444894,,,,,
,702,213488770,,-76.4403277,42.4531873,,,,,
,703,5271018208,,-76.4426581,42.4530224,,,,,
,704,213487526,,-76.4720180,42.4527360,,,,,
,705,213487509,,-76.4708989,42.4530086,,,,,
,706,213489152,,-76.4737796,42.4866218,,,,,
,707,213489231,,-76.4891100,42.4592470,,,,,
,708,213489310,,-76.4895680,42.4613750,,,,,
,709,213489160,,-76.4881240,42.4572110,,,,,
,710,213490699,,-76.4764562,42.4432221,,,,,
,711,213490989,,-76.4876269,42.4861153,,,,,
,712,213490978,,-76.4886723,42.4859649,,,,,
,713,213490966,,-76.4891536,42.4859236,,,,,
,714,213491341,,-76.5099712,42.4482609,,,,,
,715,213425591,,-76.5078550,42.4495712,,,,,
,716,213491421,,-76.5105321,42.4471763,,,,,
,717,213491507,,-76.5185565,42.4195809,,,,,
,718,213460313,signal,-76.5194357,42.4201130,,,,,
,719,12351021985,,-76.5078982,42.4392688,,,,,
,720,5297489447,,-76.5060341,42.4393269,,,,,
,721,213492177,,-76.5033549,42.4484754,,,,,
,722,213492164,,-76.5037690,42.4495510,,,,,
,723,213443164,,-76.5008140,42.4494943,,,,,
,724,213492365,,-76.4995630,42.4495190,,,,,
,725,213492396,,-76.4852913,42.4424840,,,,,
,726,213437176,signal,-76.4852496,42.4416168,,,,,
,727,213435793,signal,-76.5080950,42.4337470,,,,,
,728,213492437,,-76.5058410,42.4338030,,,,,
,729,213492589,,-76.4898150,42.4415730,,,,,
,730,213492571,,-76.4942340,42.4414480,,,,,
,731,213492586,,-76.4914370,42.4415250,,,,,
,732,213492574,,-76.4935300,42.4414700,,,,,
,733,213492583,,-76.4920420,42.4415080,,,,,
,734,213492580,,-76.4928340,42.4414890,,,,,
,735,213492568,signal,-76.4957286,42.4414065,,,,,
,736,213462740,signal,-76.4968947,42.4413758,,,,,
,737,213468628,signal,-76.4991060,42.4413120,,,,,
,738,213492674,,-76.4752950,42.4389561,,,,,
,739,213492677,,-76.4753408,42.4398961,,,,,
,740,213437442,,-76.4752494,42.4377825,,,,,
,741,213492748,,-76.5238820,42.4394950,,,,,
,742,213492840,,-76.4888170,42.4617410,,,,,
,743,213492795,,-76.4843250,42.4620010,,,,,
,744,213441381,,-76.4829618,42.4617711,,,,,
,745,6446383808,,-76.4740948,42.4860097,,,,,
,746,6446383802,,-76.4733278,42.4860367,,,,,
,747,6424418441,,-76.4731881,42.4860416,,,,,
,748,829673626,,-76.4706311,42.4861020,,,,,
,749,213492848,,-76.4763010,42.4859700,,,,,
,750,6424418440,,-76.4753543,42.4859654,,,,,
,751,213492944,,-76.4806353,42.4323292,,,,,
,752,213469590,,-76.4801720,42.4327730,,,,,
,753,213493839,,-76.4786088,42.4363055,,,,,
,754,213493837,,-76.4774809,42.4360835,,,,,
,755,4849811302,,-76.5044314,42.4424391,,,,,
,756,5251042738,,-76.5067843,42.4423721,,,,,
,757,213493951,signal,-76.5085040,42.4423230,,,,,
,758,213493943,signal,-76.5107120,42.4422590,,,,,
,759,10232014255,,-76.5136395,42.4020685,,,,,
,760,213494024,,-76.5110306,42.4026424,,,,,
,761,213494284,,-76.4905886,42.4859207,,,,,
,762,213494740,,-76.4935244,42.4707015,,,,,
,763,213494745,,-76.4940699,42.4714630,,,,,
,764,213448302,,-76.4901600,42.4652460,,,,,
,765,213494726,,-76.4910999,42.4661888,,,,,
,766,213494802,,-76.4953212,42.4781262,,,,,
,767,213494774,,-76.4945201,42.4727039,,,,,
,768,213494780,,-76.4944502,42.4731076,,,,,
,769,213410362,,-76.5037950,42.4367250,,,,,
,770,213494975,,-76.5059990,42.4366560,,,,,
,771,213494967,,-76.5078235,42.4365785,,,,,
,772,1315762595,,-76.5082048,42.4363792,,,,,
,773,213495023,,-76.5235840,42.4487307,,,,,
,774,213495076,,-76.5223178,42.4498790,,,,,
,775,213441271,,-76.4814895,42.4545321,,,,,
,776,213467533,,-76.4811257,42.4531237,,,,,
,777,213496166,,-76.4845640,42.4185100,,,,,
,778,213496236,,-76.4707530,42.4335970,,,,,
,779,213496259,,-76.4809830,42.4391520,,,,,
,780,213496274,,-76.4832910,42.4406670,,,,,
,781,213437162,,-76.4836400,42.4415540,,,,,
,782,213496273,,-76.4831050,42.4405430,,,,,
,783,213496246,,-76.4797530,42.4390330,,,,,
,784,213496248,,-76.4799750,42.4390120,,,,,
,785,213496323,,-76.5244434,42.4438360,,,,,
,786,213496350,,-76.5255060,42.4456870,,,,,
,787,213496471,,-76.4739990,42.4345100,,,,,
,788,213496474,,-76.4740150,42.4346360,,,,,
,789,213437175,,-76.4845070,42.4416330,,,,,
,790,213496544,,-76.4845260,42.4420510,,,,,
,791,213496578,,-76.4647200,42.4242270,,,,,
,792,213496609,,-76.4659280,42.4243250,,,,,
,793,213496631,,-76.4667030,42.4235490,,,,,
,794,213496639,,-76.4667910,42.4233990,,,,,
,795,213496669,,-76.4642310,42.4242700,,,,,
,796,213454725,,-76.5291659,42.4224372,,,,,
,797,213496822,,-76.5348480,42.4222920,,,,,
,798,213496843,,-76.5378160,42.4224500,,,,,
,799,213497312,,-76.6098270,42.4220150,,,,,
,800,213497622,,-76.5230710,42.4341070,,,,,
,801,213494904,,-76.4887470,42.4615120,,,,,
,802,213448264,,-76.4909160,42.4617040,,,,,
,803,213498711,,-76.4708520,42.4025440,,,,,
,804,213498728,,-76.4731770,42.4024560,,,,,
,805,213498738,,-76.4945497,42.4313951,,,,,
,806,213498762,,-76.4932657,42.4318718,,,,,
,807,213468624,signal,-76.5040160,42.4411620,,,,,
,808,213493964,,-76.5040820,42.4424490,,,,,
,809,213499130,,-76.5041317,42.4433624,,,,,
,810,213472424,,-76.5041870,42.4444520,,,,,
,811,213437679,,-76.5039690,42.4402490,,,,,
,812,213410370,signal,-76.5039260,42.4393890,,,,,
,813,213499312,,-76.4888810,42.4318882,,,,,
,814,213499275,,-76.4911928,42.4313863,,,,,
,815,213495910,,-76.4845951,42.4540269,,,,,
,816,213499695,,-76.4853810,42.4550400,,,,,
,817,213499721,,-76.4776270,42.4398422,,,,,
,818,213491392,,-76.5051280,42.4464210,,,,,
,819,213500079,,-76.5072390,42.4454880,,,,,
,820,11079293957,,-76.4838734,42.4042504,,,,,
,821,213500138,,-76.4839942,42.4044718,,,,,
,822,213500383,,-76.5257770,42.4437740,,,,,
,823,213500344,,-76.5251041,42.4404896,,,,,
,824,213500416,,-76.4587409,42.4703515,,,,,
,825,213500555,,-76.4815970,42.4405220,,,,,
,826,213500818,,-76.5375820,42.4376910,,,,,
,827,213460274,,-76.5250220,42.4170520,,,,,
,828,213500912,,-76.5234690,42.4147530,,,,,
,829,11296427191,,-76.4887965,42.4861948,,,,,
,830,213500981,,-76.4707880,42.3872400,,,,,
,831,213501039,,-76.4777250,42.4031990,,,,,
,832,213501043,,-76.4777740,42.4047110,,,,,
,833,213478648,,-76.4781130,42.4157660,,,,,
,834,213501171,,-76.4917807,42.4581900,,,,,
,835,213501169,,-76.4912325,42.4583058,,,,,
,836,213501166,,-76.4904620,42.4584910,,,,,
,837,213501346,,-76.5415540,42.4956470,,,,,
,838,213501352,,-76.5419200,42.4970380,,,,,
,839,213501514,,-76.5472924,42.5098135,,,,,
,840,213458755,,-76.4917010,42.4337590,,,,,
,841,213502148,,-76.4913760,42.4503470,,,,,
,842,213450733,,-76.4874980,42.4423330,,,,,
,843,213502226,,-76.4898634,42.4422819,,,,,
,844,213502412,,-76.4790600,42.4775590,,,,,
,845,213502458,,-76.4804640,42.4748030,,,,,
,846,213429518,,-76.4685280,42.4567280,,,,,
,847,213448477,,-76.4660434,42.4671184,,,,,
,848,213503260,,-76.4776161,42.4776421,,,,,
,849,213503264,,-76.4921851,42.4708397,,,,,
,850,213482074,,-76.4869440,42.4688930,,,,,
,851,213469584,,-76.4860670,42.4697240,,,,,
,852,213438175,,-76.4920722,42.4420551,,,,,
,853,213442105,signal,-76.4956414,42.4396480,,,,,
,854,6880066866,,-76.4956734,42.4404249,,,,,
,855,213486951,,-76.4965810,42.4520930,,,,,
,856,213503890,,-76.4966240,42.4528130,,,,,
,857,213504249,,-76.4841430,42.4332130,,,,,
,858,213504252,,-76.4845653,42.4332236,,,,,
,859,213415285,,-76.5018360,42.4073120,,,,,
,860,213504453,,-76.5005160,42.4074730,,,,,
,861,213504487,,-76.4801510,42.4031900,,,,,
,862,10989446669,,-76.4868013,42.4046783,,,,,
,863,213478679,,-76.4643560,42.4040100,,,,,
,864,213504472,,-76.4712190,42.4033500,,,,,
,865,213437673,,-76.5007840,42.4403490,,,,,
,866,213491918,signal,-76.5007390,42.4394900,,,,,
,867,213504943,,-76.4910950,42.4461760,,,,,
,868,213504945,,-76.4925929,42.4461489,,,,,
,869,213504941,,-76.4901538,42.4462105,,,,,
,870,213505023,,-76.4946620,42.4730889,,,,,
,871,213505087,,-76.4989350,42.4766300,,,,,
,872,1326505731,,-76.4619962,42.4901386,,,,,
,873,213461401,,-76.4620647,42.4875679,,,,,
,874,213437519,,-76.4832245,42.4375791,,,,,
,875,213505263,,-76.4721710,42.4743380,,,,,
,876,213505283,,-76.4718713,42.4752756,,,,,
,877,213505804,,-76.4908122,42.4504690,,,,,
,878,213454690,,-76.5308290,42.4164870,,,,,
,879,213506888,,-76.5367458,42.4602534,,,,,
,880,213506917,,-76.5373151,42.4576669,,,,,
,881,4873078893,,-76.4813203,42.4751841,,,,,
,882,5219884106,,-76.4704985,42.4739646,,,,,
,883,213437131,,-76.4806286,42.4410995,,,,,
,884,213507233,,-76.4806451,42.4416594,,,,,
,885,213507407,,-76.5400890,42.4200975,,,,,
,886,213507379,,-76.5420750,42.4175110,,,,,
,887,213460172,,-76.5416122,42.4084492,,,,,
,888,213507455,,-76.4845320,42.4614270,,,,,
,889,213507449,,-76.4847730,42.4611630,,,,,
,890,213507619,,-76.4894830,42.4438543,,,,,
,891,213507645,,-76.4769270,42.4701660,,,,,
,892,213507867,,-76.5187618,42.4435731,,,,,
,893,213507890,,-76.5207814,42.4425713,,,,,
,894,213467068,,-76.5166170,42.4436930,,,,,
,895,213456893,,-76.5177009,42.4436521,,,,,
,896,213507991,,-76.4733927,42.4360145,,,,,
,897,213443669,,-76.5019220,42.4036810,,,,,
,898,6325428685,,-76.5035367,42.4036623,,,,,
,899,213508157,,-76.4638100,42.4278860,,,,,
,900,213508098,,-76.4683694,42.4295493,,,,,
,901,213508306,,-76.4439212,42.4527453,,,,,
,902,213508346,,-76.5015410,42.4455080,,,,,
,903,213469015,,-76.5022810,42.4464220,,,,,
,904,213500081,,-76.5030330,42.4473490,,,,,
,905,213508349,,-76.5037810,42.4482710,,,,,
,906,213508353,,-76.5045390,42.4492030,,,,,
,907,213472435,,-76.5007660,42.4445500,,,,,
,908,1244429556,,-76.4631662,42.4900604,,,,,
,909,1244429558,,-76.4641169,42.4879151,,,,,
,910,213491395,,-76.5036430,42.4445890,,,,,
,911,213508602,,-76.4482863,42.4232161,,,,,
,912,10633061420,,-76.4483730,42.4223079,,,,,
,913,213508612,,-76.4993430,42.4460780,,,,,
,914,213479672,,-76.4814240,42.4857822,,,,,
,915,213508629,,-76.4807831,42.4860846,,,,,
,916,213508672,,-76.4546670,42.4244090,,,,,
,917,213508693,,-76.4565672,42.4249473,,,,,
,918,213508900,,-76.4863040,42.4527270,,,,,
,919,213508921,,-76.4881640,42.4527660,,,,,
,920,213508791,,-76.4835920,42.4529470,,,,,
,921,213509404,,-76.4560080,42.4232580,,,,,
,922,213509783,,-76.5380610,42.4161460,,,,,
,923,213509798,,-76.5398779,42.4167445,,,,,
,924,213509969,,-76.4469480,42.4328730,,,,,
,925,213509972,,-76.4466250,42.4339540,,,,,
,926,1043343509,,-76.4917036,42.4431464,,,,,
,927,213510786,,-76.4917041,42.4431970,,,,,
,928,213510753,,-76.4899910,42.4457436,,,,,
,929,213510764,,-76.4914917,42.4425760,,,,,
,930,213511130,,-76.5073495,42.4861064,,,,,
,931,213511238,,-76.5438071,42.4984004,,,,,
,932,213511168,,-76.5393354,42.4955330,,,,,
,933,213511254,,-76.4897650,42.4406690,,,,,
,934,213442077,signal,-76.4896927,42.4392756,,,,,
,935,213508958,,-76.4897685,42.4527948,,,,,
,936,213511446,,-76.4907110,42.4547140,,,,,
,937,213467661,,-76.4906760,42.4547780,,,,,
,938,213443700,,-76.5028820,42.4130390,,,,,
,939,1045328301,,-76.5042738,42.4121903,,,,,
,940,213511738,,-76.4812137,42.4883611,,,,,
,941,213511712,,-76.4810382,42.4916564,,,,,
,942,213511745,,-76.4818529,42.4916647,,,,,
,943,213502604,,-76.4645820,42.4699510,,,,,
,944,213511823,,-76.4655500,42.4699650,,,,,
,945,213511966,,-76.4565830,42.4259405,,,,,
,946,213511992,,-76.4552336,42.4262276,,,,,
,947,213512125,,-76.4858470,42.4550560,,,,,
,948,213502550,,-76.4684726,42.4551654,,,,,
,949,213512136,,-76.4655962,42.4552678,,,,,
,950,213512336,,-76.4830353,42.4916464,,,,,
,951,213512286,,-76.4897176,42.4904862,,,,,
,952,213512514,,-76.4864673,42.4016783,,,,,
,953,213512516,,-76.4864679,42.4017276,,,,,
,954,213512591,,-76.4961257,42.4313668,,,,,
,955,213512614,signal,-76.4946190,42.4348780,,,,,
,956,10276201782,,-76.4964550,42.4308759,,,,,
,957,3007889049,,-76.4606973,42.4383355,,,,,
,958,3007889053,,-76.4607148,42.4387423,,,,,
,959,213512912,,-76.4613685,42.4367027,,,,,
,960,977010248,,-76.4609231,42.4375056,,,,,
,961,213512909,,-76.4618550,42.4357010,,,,,
,962,213512996,,-76.4843520,42.4612900,,,,,
,963,213513071,,-76.4931326,42.4596035,,,,,
,964,213513078,,-76.4931541,42.4597960,,,,,
,965,213513088,,-76.4929203,42.4597147,,,,,
,966,213513546,,-76.5004850,42.4349270,,,,,
,967,213494984,,-76.5006040,42.4368334,,,,,
,968,213513562,,-76.5004640,42.4329060,,,,,
,969,213513580,,-76.5004910,42.4344860,,,,,
,970,213472410,signal,-76.5099614,42.4442817,,,,,
,971,213513654,,-76.5107413,42.4431595,,,,,
,972,213513769,,-76.4599870,42.4523400,,,,,
,973,213513847,,-76.4541159,42.4518781,,,,,
,974,213513971,,-76.4515660,42.4521730,,,,,
,975,213513949,,-76.4527690,42.4531350,,,,,
,976,213463784,,-76.4947749,42.4376131,,,,,
,977,8786856324,,-76.4950023,42.4375805,,,,,
,978,213514450,,-76.4978720,42.4369191,,,,,
,979,213512616,,-76.4946800,42.4358050,,,,,
,980,213515636,,-76.4923471,42.4596066,,,,,
,981,213515670,,-76.4916200,42.4588580,,,,,
,982,213515399,,-76.4911940,42.4359130,,,,,
,983,213515704,,-76.4910097,42.4352389,,,,,
,984,213515843,,-76.4992690,42.4445970,,,,,
,985,213462751,,-76.4970210,42.4437570,,,,,
,986,213516342,,-76.5019420,42.4809130,,,,,
,987,213517172,,-76.5293140,42.4292460,,,,,
,988,213454748,,-76.5269670,42.4276340,,,,,
,989,213517161,,-76.5279010,42.4282650,,,,,
,990,2982081689,,-76.4502962,42.4728246,,,,,
,991,1319459476,,-76.4534465,42.4728449,,,,,
,992,7581419288,,-76.4899151,42.4392773,,,,,
,993,213517534,,-76.4900090,42.4385670,,,,,
,994,213517595,,-76.4859028,42.4386290,,,,,
,995,213517600,,-76.4859423,42.4395734,,,,,
,996,213517744,,-76.4899493,42.4914093,,,,,
,997,213517760,,-76.4883250,42.4918890,,,,,
,998,213517782,,-76.4863560,42.4935890,,,,,
,999,213518184,,-76.4704820,42.4646110,,,,,
,1000,213448460,,-76.4706290,42.4669761,,,,,
,1001,213518192,,-76.4706528,42.4680297,,,,,
,1002,213518231,,-76.4700060,42.4718940,,,,,
,1003,213518511,,-76.4985520,42.4506900,,,,,
,1004,213462789,,-76.4974580,42.4507180,,,,,
,1005,213518502,,-76.4996366,42.4506552,,,,,
,1006,213518518,,-76.5025040,42.4355580,,,,,
,1007,213494981,,-76.5025657,42.4367709,,,,,
,1008,213518519,,-76.5026550,42.4385190,,,,,
,1009,213518875,,-76.4615643,42.4476004,,,,,
,1010,213519449,,-76.4719280,42.4455366,,,,,
,1011,213519467,,-76.4719920,42.4475572,,,,,
,1012,213473347,,-76.4813360,42.4262650,,,,,
,1013,10726107178,,-76.4896075,42.4288177,,,,,
,1014,213448475,,-76.4681610,42.4670640,,,,,
,1015,213519777,,-76.4681480,42.4681040,,,,,
,1016,213519807,,-76.4661420,42.4690530,,,,,
,1017,213519810,,-76.4670470,42.4681143,,,,,
,1018,213426823,,-76.5152349,42.4388858,,,,,
,1019,12407159201,,-76.5132849,42.4385632,,,,,
,1020,213519904,,-76.4567034,42.4239829,,,,,
,1021,213410344,,-76.5036230,42.4334500,,,,,
,1022,213520152,,-76.4773180,42.4340480,,,,,
,1023,213437456,,-76.4775519,42.4378339,,,,,
,1024,213520140,,-76.4774580,42.4333670,,,,,
,1025,213520408,,-76.4484579,42.4232611,,,,,
,1026,213520434,,-76.4485290,42.4242530,,,,,
,1027,213520486,,-76.4506293,42.4248582,,,,,
,1028,213520497,,-76.4509926,42.4239110,,,,,
,1029,213466856,,-76.4880330,42.4977860,,,,,
,1030,12032616588,,-76.4798399,42.4831463,,,,,
,1031,213502675,,-76.4673310,42.4834100,,,,,
,1032,213521727,,-76.4896750,42.4353250,,,,,
,1033,3281285764,,-76.4963578,42.4239006,,,,,
,1034,213522578,,-76.4686270,42.3999930,,,,,
,1035,213522581,,-76.4686890,42.4015050,,,,,
,1036,213522681,,-76.5049093,42.4908992,,,,,
,1037,213502266,,-76.5462121,42.4735983,,,,,
,1038,213522756,,-76.5368640,42.4739120,,,,,
,1039,213522894,,-76.4824588,42.4215824,,,,,
,1040,213522917,,-76.5060890,42.4384110,,,,,
,1041,213441490,,-76.5060420,42.4375060,,,,,
,1042,213466994,,-76.5214610,42.4517390,,,,,
,1043,213437122,signal,-76.4776933,42.4411505,,,,,
,1044,213523139,,-76.4850627,42.4425844,,,,,
,1045,213436025,,-76.4852530,42.4427080,,,,,
,1046,213467589,,-76.4864624,42.4537209,,,,,
,1047,213523222,,-76.4858910,42.4556680,,,,,
,1048,213467587,,-76.4862329,42.4536747,,,,,
,1049,213520168,,-76.4775928,42.4388868,,,,,
,1050,213523302,,-76.4788084,42.4391112,,,,,
,1051,213523835,,-76.4727413,42.4297735,,,,,
,1052,213523865,,-76.4743262,42.4295115,,,,,
,1053,213524374,,-76.4787450,42.4708900,,,,,
,1054,213524377,,-76.4788790,42.4711760,,,,,
,1055,213522772,,-76.4813290,42.4724240,,,,,
,1056,213491925,signal,-76.5104910,42.4391810,,,,,
,1057,213525039,,-76.5101800,42.4384880,,,,,
,1058,213525408,,-76.4905627,42.4435767,,,,,
,1059,213525550,,-76.4943539,42.4434595,,,,,
,1060,213525768,,-76.5092013,42.4865202,,,,,
,1061,213525713,,-76.5076652,42.4912329,,,,,
,1062,213443169,,-76.5008836,42.4506734,,,,,
,1063,213525947,,-76.5011585,42.4506922,,,,,
,1064,213525949,,-76.5022070,42.4502230,,,,,
,1065,213480056,,-76.5032240,42.4497690,,,,,
,1066,213435811,signal,-76.5083010,42.4383460,,,,,
,1067,213526039,,-76.4762707,42.4870105,,,,,
,1068,213526535,,-76.4787550,42.4395010,,,,,
,1069,213526569,,-76.4803214,42.4398332,,,,,
,1070,213437158,,-76.4819938,42.4411666,,,,,
,1071,213437462,,-76.4787344,42.4378847,,,,,
,1072,213523098,,-76.4820260,42.4420660,,,,,
,1073,213527347,,-76.5124590,42.4340720,,,,,
,1074,213527344,,-76.5124670,42.4341840,,,,,
,1075,213527359,,-76.5123370,42.4342270,,,,,
,1076,213527358,,-76.5123340,42.4341090,,,,,
,1077,213528274,,-76.4725410,42.4784517,,,,,
,1078,826215240,,-76.4785031,42.4810965,,,,,
,1079,213528397,,-76.5236617,42.4564560,,,,,
,1080,213529287,,-76.5085540,42.4432280,,,,,
,1081,213529292,,-76.5068307,42.4432780,,,,,
,1082,213529303,,-76.4869509,42.4874961,,,,,
,1083,213529575,,-76.5129474,42.4426808,,,,,
,1084,10092638672,,-76.5125399,42.4450643,,,,,
,1085,213491952,signal,-76.5122856,42.4395181,,,,,
,1086,213437712,signal,-76.5122220,42.4399967,,,,,
,1087,213530360,,-76.5133210,42.4337810,,,,,
,1088,213530361,,-76.5133150,42.4336780,,,,,
,1089,213530367,,-76.5131830,42.4338460,,,,,
,1090,213530365,,-76.5131800,42.4337520,,,,,
,1091,213530686,,-76.4969140,42.4728709,,,,,
,1092,213530712,,-76.4988880,42.4721019,,,,,
,1093,213530993,,-76.4915810,42.4513030,,,,,
,1094,213531023,,-76.4921259,42.4516565,,,,,
,1095,213458017,,-76.5015250,42.4355890,,,,,
,1096,213531425,,-76.5066195,42.4353664,,,,,
,1097,213410359,,-76.5037360,42.4355200,,,,,
,1098,213502272,,-76.5467620,42.4748910,,,,,
,1099,213531723,,-76.5401900,42.4761680,,,,,
,1100,10037650136,,-76.4990524,42.4771193,,,,,
,1101,213532081,,-76.4918861,42.4595729,,,,,
,1102,213448229,,-76.4919433,42.4602581,,,,,
,1103,213532069,,-76.4909800,42.4579970,,,,,
,1104,213511479,,-76.4907500,42.4561990,,,,,
,1105,213532617,,-76.4846630,42.4094725,,,,,
,1106,213533079,,-76.5287600,42.4280200,,,,,
,1107,213533092,,-76.4881380,42.4536170,,,,,
,1108,213533118,,-76.4897000,42.4539530,,,,,
,1109,213502539,,-76.4683768,42.4536339,,,,,
,1110,213534540,,-76.4666861,42.4535890,,,,,
,1111,213422732,,-76.4786164,42.4884373,,,,,
,1112,213534653,,-76.4425407,42.4531741,,,,,
,1113,213506604,,-76.4402324,42.4531762,,,,,
,1114,213534768,,-76.4419406,42.4513164,,,,,
,1115,213436735,,-76.4426692,42.4536119,,,,,
,1116,9491355001,,-76.4485239,42.4363027,,,,,
,1117,10634626979,,-76.4487328,42.4408863,,,,,
,1118,213496204,,-76.4760600,42.4327410,,,,,
,1119,213534906,,-76.4786010,42.4339150,,,,,
,1120,213458732,,-76.4921465,42.4315166,,,,,
,1121,213534919,,-76.4869940,42.4304500,,,,,
,1122,1752640234,,-76.4496968,42.4215503,,,,,
,1123,213535033,,-76.4552632,42.4218512,,,,,
,1124,213535522,,-76.4708216,42.4294380,,,,,
,1125,213535517,,-76.4721252,42.4293394,,,,,
,1126,213535543,,-76.4935550,42.4423480,,,,,
,1127,213481967,,-76.4988530,42.4720340,,,,,
,1128,213536598,,-76.4797250,42.4636320,,,,,
,1129,213441399,,-76.4838708,42.4639767,,,,,
,1130,213463990,,-76.4784395,42.4783674,,,,,
,1131,213537901,,-76.4984670,42.4495470,,,,,
,1132,213462783,,-76.4973830,42.4495790,,,,,
,1133,213537954,,-76.4891359,42.4510727,,,,,
,1134,213538020,,-76.4861131,42.4358056,,,,,
,1135,213491581,,-76.5058469,42.4274306,,,,,
,1136,213448491,,-76.4586761,42.4672975,,,,,
,1137,213539753,,-76.4587617,42.4694147,,,,,
,1138,213454363,,-76.4568758,42.4755453,,,,,
,1139,213462787,,-76.4974250,42.4502410,,,,,
,1140,213503876,,-76.4962240,42.4502880,,,,,
,1141,213466326,,-76.4949790,42.4503220,,,,,
,1142,6208159050,,-76.5408819,42.4435250,,,,,
,1143,213540558,,-76.5427715,42.4422476,,,,,
,1144,213540531,,-76.5393769,42.4447035,,,,,
,1145,213540700,,-76.4928860,42.4423210,,,,,
,1146,213501743,,-76.4829093,42.4560094,,,,,
,1147,213442513,,-76.4839160,42.4552300,,,,,
,1148,213540760,,-76.4598460,42.4705200,,,,,
,1149,213540759,,-76.4601250,42.4703950,,,,,
,1150,10174588138,,-76.4599292,42.4747305,,,,,
,1151,213540802,,-76.4905260,42.4424180,,,,,
,1152,213540850,,-76.4905435,42.4427032,,,,,
,1153,213493981,signal,-76.4991670,42.4425900,,,,,
,1154,213462743,signal,-76.4969623,42.4426536,,,,,
,1155,213541074,,-76.4940058,42.4613781,,,,,
,1156,213437797,,-76.4973950,42.4195630,,,,,
,1157,213464838,,-76.5018880,42.4515830,,,,,
,1158,213541432,,-76.4737060,42.4718780,,,,,
,1159,213496564,,-76.4643710,42.4243620,,,,,
,1160,213543154,,-76.5075490,42.4842480,,,,,
,1161,213532357,,-76.5027940,42.4851570,,,,,
,1162,213448467,,-76.4689540,42.4670440,,,,,
,1163,213543507,,-76.4942060,42.4405430,,,,,
,1164,213477399,,-76.4954438,42.4405249,,,,,
,1165,7581419384,,-76.4916789,42.4406160,,,,,
,1166,213539488,,-76.4911120,42.4406330,,,,,
,1167,1010920862,,-76.4980913,42.4005056,,,,,
,1168,1010920879,,-76.4989077,42.4004554,,,,,
,1169,213443663,,-76.5003170,42.4001450,,,,,
,1170,213431584,,-76.5057837,42.4326966,,,,,
,1171,213486961,,-76.4986520,42.4520170,,,,,
,1172,213544571,,-76.4982360,42.4461140,,,,,
,1173,213544575,,-76.4983120,42.4472570,,,,,
,1174,213485077,,-76.5004328,42.4621697,,,,,
,1175,213462770,,-76.4972340,42.4472890,,,,,
,1176,213503875,,-76.4960410,42.4473230,,,,,
,1177,213466323,,-76.4948150,42.4473610,,,,,
,1178,4051723363,,-76.5001493,42.4579622,,,,,
,1179,213492391,,-76.4851430,42.4393150,,,,,
,1180,213546966,,-76.4808913,42.4869192,,,,,
,1181,213546995,,-76.5021490,42.4798790,,,,,
,1182,213547004,,-76.5025560,42.4808780,,,,,
,1183,213547060,,-76.5032080,42.4780100,,,,,
,1184,10572200617,,-76.4912304,42.4472789,,,,,
,1185,5254465381,,-76.5236611,42.4568913,,,,,
,1186,213492392,,-76.4851572,42.4396399,,,,,
,1187,213548868,,-76.4707340,42.4264650,,,,,
,1188,213548952,,-76.4636830,42.4228490,,,,,
,1189,213548966,,-76.4636720,42.4227910,,,,,
,1190,213482071,,-76.4869310,42.4686990,,,,,
,1191,213469579,,-76.4856720,42.4687790,,,,,
,1192,213441459,,-76.4812771,42.4697549,,,,,
,1193,213417112,,-76.4826610,42.4341860,,,,,
,1194,213525105,,-76.4857074,42.4837284,,,,,
,1195,213494268,,-76.4879936,42.4838038,,,,,
,1196,213550443,,-76.5369400,42.4754100,,,,,
,1197,213550868,,-76.5387941,42.4192310,,,,,
,1198,213467610,,-76.4880900,42.4537570,,,,,
,1199,213469006,,-76.5064823,42.4445630,,,,,
,1200,213551290,,-76.5079250,42.4463340,,,,,
,1201,213551506,,-76.4867614,42.4510203,,,,,
,1202,213436161,,-76.4859112,42.4512831,,,,,
,1203,213551456,,-76.4838782,42.4513711,,,,,
,1204,4874014497,,-76.4923813,42.4493580,,,,,
,1205,213504973,,-76.4930670,42.4472540,,,,,
,1206,213466315,,-76.4944309,42.4433696,,,,,
,1207,213448490,,-76.4599670,42.4672664,,,,,
,1208,213551978,,-76.4600380,42.4686170,,,,,
,1209,213439230,,-76.5234293,42.4177001,,,,,
,1210,213552201,,-76.5249805,42.4183061,,,,,
,1211,213466522,,-76.4457993,42.4226195,,,,,
,1212,213542900,,-76.3821926,42.3954466,,,,,
,1213,12427049027,,-76.5018409,42.4497706,,,,,
,1214,12427049031,,-76.5019120,42.4498585,,,,,
,1215,213553105,,-76.5014640,42.4493050,,,,,
,1216,5249411150,,-76.5007466,42.4484169,,,,,
,1217,213553141,,-76.4917154,42.4520850,,,,,
,1218,213437527,,-76.4817845,42.4375003,,,,,
,1219,213542751,,-76.4541340,42.4177110,,,,,
,1220,213491594,,-76.5041970,42.4288670,,,,,
,1221,213491604,,-76.5024450,42.4304980,,,,,
,1222,6925787451,,-76.5016809,42.4313176,,,,,
,1223,213458728,,-76.4923910,42.4309440,,,,,
,1224,213502613,,-76.4645260,42.4720050,,,,,
,1225,213449675,,-76.4768841,42.4644562,,,,,
,1226,213554396,,-76.4780810,42.4633880,,,,,
,1227,213435389,,-76.5004482,42.4609316,,,,,
,1228,213462763,,-76.4971610,42.4461470,,,,,
,1229,213503873,,-76.4959800,42.4461850,,,,,
,1230,213466321,,-76.4947510,42.4462280,,,,,
,1231,213415948,,-76.4841485,42.4970119,,,,,
,1232,213467624,,-76.4888200,42.4542120,,,,,
,1233,10186918561,,-76.5009947,42.4495148,,,,,
,1234,213480053,,-76.5024860,42.4488460,,,,,
,1235,213435814,signal,-76.5083420,42.4392550,,,,,
,1236,213437685,signal,-76.5083860,42.4401140,,,,,
,1237,213558265,,-76.5061258,42.4490255,,,,,
,1238,1315762582,,-76.5044503,42.4505218,,,,,
,1239,213559593,,-76.5222699,42.4487115,,,,,
,1240,213467003,,-76.5207042,42.4508798,,,,,
,1241,213559679,,-76.4954270,42.4549320,,,,,
,1242,213446198,,-76.4957930,42.4548950,,,,,
,1243,213446195,,-76.4955860,42.4546460,,,,,
,1244,213560317,,-76.5014210,42.4533900,,,,,
,1245,213410347,,-76.5036460,42.4338500,,,,,
,1246,6444181010,,-76.4988163,42.4350256,,,,,
,1247,213544538,,-76.5058312,42.4342654,,,,,
,1248,213560404,,-76.4424630,42.4311110,,,,,
,1249,213516826,,-76.4424370,42.4321420,,,,,
,1250,213454760,,-76.5261700,42.4286890,,,,,
,1251,213561146,,-76.4927780,42.4720860,,,,,
,1252,213561204,,-76.5029870,42.3992850,,,,,
,1253,213561231,,-76.5017520,42.3999420,,,,,
,1254,213561259,,-76.5032260,42.4002380,,,,,
,1255,4873078885,,-76.4818317,42.4764679,,,,,
,1256,4873078890,,-76.4819487,42.4764850,,,,,
,1257,213561759,,-76.4895092,42.4766156,,,,,
,1258,213561753,,-76.4833544,42.4762458,,,,,
,1259,213561914,,-76.4914710,42.4545200,,,,,
,1260,213561928,,-76.4922610,42.4544190,,,,,
,1261,213561943,,-76.4913680,42.4542100,,,,,
,1262,213553166,,-76.4799620,42.4389270,,,,,
,1263,213437130,,-76.4803699,42.4411034,,,,,
,1264,213562626,,-76.4747358,42.4765809,,,,,
,1265,213492755,,-76.5207070,42.4392080,,,,,
,1266,213562686,,-76.5208640,42.4435020,,,,,
,1267,213468618,,-76.5067200,42.4410820,,,,,
,1268,213502697,,-76.4676631,42.4900662,,,,,
,1269,12032229853,,-76.4709667,42.4899849,,,,,
,1270,213458777,,-76.4927750,42.4376710,,,,,
,1271,9167918307,,-76.4900743,42.4368079,,,,,
,1272,213458786,,-76.4930455,42.4380324,,,,,
,1273,213458765,,-76.4923140,42.4358760,,,,,
,1274,213504305,,-76.4900216,42.4367419,,,,,
,1275,213514457,,-76.4981780,42.4369113,,,,,
,1276,213494992,signal,-76.4988870,42.4368868,,,,,
,1277,1312550490,,-76.4954549,42.4392424,,,,,
,1278,213556797,,-76.4988289,42.4353939,,,,,
,1279,213549115,,-76.4988302,42.4355007,,,,,
,1280,12466045684,,-76.4988790,42.4365495,,,,,
,1281,213549051,,-76.5078453,42.4362974,,,,,
,1282,213410357,,-76.5036696,42.4342780,,,,,
,1283,213458019,signal,-76.5015893,42.4368034,,,,,
,1284,213458014,,-76.5014770,42.4346080,,,,,
,1285,213458005,,-76.5014727,42.4345300,,,,,
,1286,268081543,,-76.5036514,42.4339364,,,,,
,1287,12457539023,,-76.5036655,42.4341983,,,,,
,1288,6342326410,,-76.5082037,42.4363457,,,,,
,1289,213435797,,-76.5081917,42.4360219,,,,,
,1290,213435807,signal,-76.5082181,42.4367548,,,,,
,1291,213532827,,-76.4988502,42.4346235,,,,,
,1292,213556788,,-76.4987363,42.4322160,,,,,
,1293,213491960,,-76.5144656,42.4407286,,,,,
,1294,213491969,,-76.5150546,42.4411303,,,,,
,1295,213434925,,-76.5005010,42.4551490,,,,,
,1296,213435452,,-76.5005960,42.4551750,,,,,
,1297,213435468,,-76.5009216,42.4545360,,,,,
,1298,213435481,,-76.5023778,42.4527948,,,,,
,1299,213546058,,-76.4999023,42.4545817,,,,,
,1300,213546085,,-76.4998820,42.4542690,,,,,
,1301,213437670,signal,-76.4990500,42.4404030,,,,,
,1302,213442110,signal,-76.4990276,42.4395493,,,,,
,1303,213513690,,-76.5085715,42.4458726,,,,,
,1304,213491383,signal,-76.5067088,42.4483929,,,,,
,1305,213435809,,-76.5082627,42.4374479,,,,,
,1306,213504264,,-76.4853766,42.4332609,,,,,
,1307,9167918304,,-76.4899803,42.4366963,,,,,
,1308,213468583,,-76.5142864,42.4409849,,,,,
,1309,213468558,,-76.5149968,42.4413562,,,,,
,1310,3044881751,,-76.5153640,42.4525143,,,,,
,1311,12863025790,,-76.5148943,42.4523744,,,,,
,1312,213447446,,-76.5196272,42.4577512,,,,,
,1313,213529700,,-76.5135204,42.4432112,,,,,
,1314,213529715,,-76.5141675,42.4441854,,,,,
,1315,213468626,signal,-76.5008320,42.4412630,,,,,
,1316,213444983,signal,-76.5018110,42.4412320,,,,,
,1317,213503856,signal,-76.4956788,42.4405207,,,,,
,1318,213437717,,-76.5134043,42.4400813,,,,,
,1319,213437730,,-76.5147581,42.4399997,,,,,
,1320,213468590,,-76.5133251,42.4408870,,,,,
,1321,213468599,,-76.5120502,42.4409075,,,,,
,1322,563170932,,-76.5116489,42.4409193,,,,,
,1323,1312550445,,-76.5108594,42.4409476,,,,,
,1324,10102434935,,-76.5131747,42.4399561,,,,,
,1325,10102434932,,-76.5130985,42.4399181,,,,,
,1326,213491950,,-76.5121186,42.4394387,,,,,
,1327,213491942,,-76.5117568,42.4393080,,,,,
,1328,213503863,signal,-76.4957938,42.4426944,,,,,
,1329,213440804,,-76.4937177,42.4394349,,,,,
,1330,213437692,signal,-76.5105959,42.4400434,,,,,
,1331,213525037,,-76.5100620,42.4382910,,,,,
,1332,213525021,,-76.5092240,42.4374923,,,,,
,1333,213431222,,-76.5096182,42.4337536,,,,,
,1334,213411656,signal,-76.4841690,42.4814870,,,,,
,1335,577379668,,-76.4840680,42.4813482,,,,,
,1336,577379732,,-76.4836914,42.4808223,,,,,
,1337,213425004,,-76.4946900,42.4801210,,,,,
,1338,835863756,,-76.4982935,42.4800151,,,,,
,1339,577379755,,-76.4993700,42.4784277,,,,,
,1340,213424981,,-76.4994543,42.4787326,,,,,
,1341,835863710,,-76.4994731,42.4788269,,,,,
,1342,213468354,,-76.5100260,42.4970710,,,,,
,1343,213435113,,-76.4630505,42.4826185,,,,,
,1344,3473140604,,-76.4645298,42.4825610,,,,,
,1345,213435349,,-76.4989927,42.4632400,,,,,
,1346,213435344,,-76.4986247,42.4641162,,,,,
,1347,213434991,,-76.4985200,42.4638119,,,,,
,1348,213434984,,-76.4988830,42.4630604,,,,,
,1349,213558285,,-76.5041352,42.4509442,,,,,
,1350,213460225,,-76.5325289,42.4140223,,,,,
,1351,819447164,signal,-76.5314001,42.4145013,,,,,
,1352,213436058,signal,-76.4850531,42.4451676,,,,,
,1353,10176607512,,-76.4855673,42.4483683,,,,,
,1354,213421558,,-76.5005400,42.4674680,,,,,
,1355,213460248,,-76.5293433,42.4153456,,,,,
,1356,2407171940,,-76.5256361,42.4168021,,,,,
,1357,213460243,,-76.5310484,42.4146303,,,,,
,1358,213435102,signal,-76.4672553,42.4821790,,,,,
,1359,3473140600,,-76.4652682,42.4823480,,,,,
,1360,4890513765,signal,-76.4672712,42.4823654,,,,,
,1361,213411640,,-76.4900440,42.4807310,,,,,
,1362,213432680,,-76.5129423,42.4364489,,,,,
,1363,213454742,,-76.5272160,42.4267200,,,,,
,1364,213454738,,-76.5274709,42.4256348,,,,,
,1365,213454674,,-76.5313718,42.4149063,,,,,
,1366,213492770,,-76.4513330,42.4958710,,,,,
,1367,213561830,,-76.4649992,42.4982882,,,,,
,1368,5239016731,,-76.4956516,42.4814788,,,,,
,1369,5223767903,,-76.4676110,42.4786136,,,,,
,1370,829673662,,-76.4789792,42.4937383,,,,,
,1371,213448504,,-76.4501122,42.4675104,,,,,
,1372,6164446947,,-76.4505744,42.4788328,,,,,
,1373,213454411,,-76.4806176,42.4495256,,,,,
,1374,213420978,,-76.5460630,42.4044950,,,,,
,1375,3587836295,,-76.5330470,42.4138105,,,,,
,1376,213468615,signal,-76.5084340,42.4410230,,,,,
,1377,5219191769,,-76.5094983,42.4409943,,,,,
,1378,1010920850,,-76.4934228,42.3993603,,,,,
,1379,8786856319,,-76.4948125,42.4379015,,,,,
,1380,213458797,,-76.4949631,42.4383894,,,,,
,1381,10092638686,,-76.5125625,42.4414568,,,,,
,1382,213468596,signal,-76.5124808,42.4409034,,,,,
,1383,213458758,,-76.4921358,42.4349600,,,,,
,1384,10900388055,,-76.4920831,42.4348118,,,,,
,1385,1043155196,,-76.5410214,42.4653340,,,,,
,1386,1043155198,,-76.5430611,42.4644973,,,,,
,1387,213437160,,-76.4830630,42.4414170,,,,,
,1388,213437483,,-76.4817203,42.4375754,,,,,
,1389,213454546,,-76.5054804,42.4613528,,,,,
,1390,213454574,,-76.5070066,42.4596902,,,,,
,1391,213454533,,-76.5027309,42.4625071,,,,,
,1392,213498619,,-76.5146990,42.4255212,,,,,
,1393,1045328334,,-76.5118112,42.4270189,,,,,
,1394,1045327876,,-76.5120529,42.4298135,,,,,
,1395,1045328281,,-76.5121041,42.4298793,,,,,
,1396,1045329053,,-76.5112828,42.4301020,,,,,
,1397,1236778371,,-76.5090773,42.4303291,,,,,
,1399,213450100,,-76.4962345,42.4222196,,,,,
,1401,1236778002,,-76.5087448,42.4304307,,,,,
,1402,1312151421,,-76.5118918,42.4285684,,,,,
,1403,1045327973,,-76.5006675,42.4130807,,,,,
,1404,1045328996,,-76.5008620,42.4141706,,,,,
,1405,1045329055,,-76.5132951,42.4295814,,,,,
,1406,1045327762,,-76.5116861,42.4299516,,,,,
,1407,1045328979,,-76.5112876,42.4301844,,,,,
,1408,1045329068,,-76.5116944,42.4300343,,,,,
,1409,1045328955,,-76.4987458,42.4140151,,,,,
,1410,1045327807,,-76.4993145,42.4126011,,,,,
,1411,1046346819,,-76.5314875,42.4494950,,,,,
,1412,10181381096,,-76.5308540,42.4495118,,,,,
,1413,213511263,,-76.4896472,42.4431102,,,,,
,1414,3221053606,,-76.4895530,42.4435396,,,,,
,1415,213511272,,-76.4893668,42.4447325,,,,,
,1416,1236778437,,-76.4896118,42.4432715,,,,,
,1417,213533132,,-76.4891122,42.4450254,,,,,
,1418,1226731192,,-76.4892339,42.4448830,,,,,
,1419,1226731193,,-76.4895357,42.4450550,,,,,
,1420,2095832784,,-76.4860554,42.4455718,,,,,
,1421,213514890,,-76.4866200,42.4449022,,,,,
,1422,1227313461,,-76.4808248,42.4503154,,,,,
,1423,10231202723,,-76.4807162,42.4506951,,,,,
,1424,1227313440,,-76.4797673,42.4485176,,,,,
,1425,213526371,,-76.4391360,42.4586870,,,,,
,1426,213448521,,-76.4483733,42.4677468,,,,,
,1427,213487500,,-76.4706982,42.4530563,,,,,
,1428,213487495,,-76.4703484,42.4532188,,,,,
,1429,213484982,,-76.4716520,42.4529058,,,,,
,1430,213487471,,-76.4683985,42.4520084,,,,,
,1431,213487383,,-76.4666783,42.4513800,,,,,
,1432,213441847,,-76.4813191,42.4518759,,,,,
,1433,213511364,,-76.4898275,42.4520966,,,,,
,1434,213511372,,-76.4897894,42.4526282,,,,,
,1435,11026967446,,-76.4946737,42.4531536,,,,,
,1436,213446187,,-76.4946780,42.4533969,,,,,
,1437,213513968,,-76.4515631,42.4527767,,,,,
,1438,213513851,,-76.4539896,42.4520312,,,,,
,1439,213446210,,-76.4969098,42.4560487,,,,,
,1440,213436718,,-76.4494820,42.4509219,,,,,
,1441,1236778400,signal,-76.5079955,42.4315707,,,,,
,1442,1236778326,,-76.5087447,42.4315480,,,,,
FlixBus Ithaca,1443,7272446140,,-76.5097135,42.4316759,,,,,
,1444,1236778247,,-76.5090830,42.4304246,,,,,
,1445,10184981547,,-76.5090375,42.4295520,,,,,
,1446,213460350,,-76.5087789,42.4277287,,,,,
,1447,1315762566,,-76.5011082,42.4318855,,,,,
,1448,1236835137,,-76.5014772,42.4315432,,,,,
,1449,6925787448,,-76.5013320,42.4316779,,,,,
,1450,213458027,,-76.5013885,42.4317744,,,,,
,1451,5248096819,,-76.4999913,42.4557452,,,,,
,1452,1240450261,,-76.4984653,42.4567346,,,,,
,1453,1244429560,,-76.4646394,42.4874928,,,,,
,1454,1264187735,,-76.5116008,42.4400203,,,,,
,1455,1264187764,,-76.5120066,42.4400091,,,,,
,1456,1300370270,,-76.5043648,42.4084678,,,,,
,1457,1300370326,,-76.5050020,42.4065240,,,,,
,1458,11026967444,,-76.4852522,42.4431272,,,,,
,1459,213436036,,-76.4852089,42.4429473,,,,,
,1460,213436039,,-76.4852850,42.4432718,,,,,
,1461,213491386,,-76.5065294,42.4481753,,,,,
,1462,213503868,,-76.4958145,42.4433333,,,,,
,1463,213410364,,-76.5038370,42.4375710,,,,,
,1464,1312550032,,-76.4953285,42.4396153,,,,,
,1465,1315586557,,-76.4945218,42.4432111,,,,,
,1466,1043343690,,-76.4944924,42.4432772,,,,,
,1467,213500085,,-76.5019571,42.4478268,,,,,
,1468,1315586559,,-76.5017967,42.4478993,,,,,
,1469,213503871,,-76.4958205,42.4434419,,,,,
,1470,213469019,,-76.5010462,42.4469790,,,,,
,1471,213469017,,-76.5012016,42.4469121,,,,,
,1472,213480050,,-76.5017420,42.4479240,,,,,
,1473,213558274,,-76.5052040,42.4500010,,,,,
,1474,213558277,,-76.5045378,42.4505880,,,,,
,1475,1315762584,,-76.5040402,42.4508927,,,,,
,1477,11028093424,,-76.4747364,42.4435705,,,,,
,1478,213436676,,-76.4702151,42.4437293,,,,,
,1479,213436679,,-76.4696673,42.4437504,,,,,
,1480,213436698,,-76.4649168,42.4449629,,,,,
,1481,213460309,,-76.5201270,42.4195570,,,,,
,1482,213456621,signal,-76.5148030,42.4239100,,,,,
,1483,213460324,,-76.5137650,42.4248029,,,,,
,1484,1045328892,signal,-76.5112808,42.4263738,,,,,
,1485,1319459213,,-76.4652285,42.4385799,,,,,
,1486,6343045965,,-76.4631666,42.4386287,,,,,
,1487,1319459691,,-76.4626697,42.4386384,,,,,
,1488,1319459517,,-76.4627796,42.4386370,,,,,
,1489,213439215,,-76.5220195,42.4171556,,,,,
,1490,213436605,,-76.4764250,42.4427190,,,,,
,1491,11028093423,,-76.4766172,42.4431928,,,,,
,1492,213460277,,-76.5241981,42.4173885,,,,,
,1493,213460279,,-76.5237966,42.4175581,,,,,
,1494,3374192920,,-76.4758257,42.4452577,,,,,
,1495,213454433,,-76.4798108,42.4452586,,,,,
,1496,213534876,,-76.4487467,42.4411853,,,,,
,1497,213432139,,-76.4704541,42.4443461,,,,,
,1498,213432154,,-76.4710560,42.4448640,,,,,
,1499,12230077130,,-76.4948790,42.4485000,,,,,
,1500,213466330,,-76.4950430,42.4509110,,,,,
,1501,213551576,,-76.4918381,42.4495837,,,,,
,1502,213511300,,-76.4903491,42.4492908,,,,,
,1503,1320832504,,-76.4755417,42.4553317,,,,,
,1504,213482371,,-76.4870930,42.4594350,,,,,
,1505,213465838,,-76.4512880,42.4946380,,,,,
,1506,213461414,,-76.4625602,42.4875901,,,,,
,1507,213461418,,-76.4640740,42.4875030,,,,,
,1508,213474486,,-76.4485594,42.4145900,,,,,
,1509,213474336,,-76.4524879,42.4124995,,,,,
,1511,213461671,,-76.4649642,42.4873373,,,,,
,1512,213474422,,-76.4541920,42.4109955,,,,,
,1513,213474428,,-76.4539609,42.4113498,,,,,
,1514,7502432810,,-76.4951579,42.4404885,,,,,
,1515,213464230,,-76.4643348,42.4358681,,,,,
,1516,213464102,,-76.4634046,42.4349178,,,,,
,1517,213526919,,-76.4838350,42.4365449,,,,,
,1518,213529944,,-76.5412222,42.4951078,,,,,
,1519,213529948,,-76.5414392,42.4954650,,,,,
,1520,213530119,,-76.5841624,42.5350124,,,,,
,1521,213463312,,-76.5142945,42.4101112,,,,,
,1522,7697818546,,-76.5218195,42.3909237,,,,,
,1523,213501762,,-76.4837550,42.4569070,,,,,
,1524,213495881,,-76.4823097,42.4546825,,,,,
,1525,213442529,,-76.4852090,42.4560550,,,,,
,1526,2108342479,,-76.4845408,42.4587037,,,,,
,1527,2108353255,,-76.4707385,42.4489099,,,,,
,1528,213482333,,-76.4741248,42.4494881,,,,,
,1529,213468313,,-76.5093170,42.4811570,,,,,
,1530,213470786,,-76.5222240,42.4367030,,,,,
,1531,2153581791,,-76.5062169,42.4489259,,,,,
,1532,213522691,,-76.5049520,42.4918636,,,,,
,1533,213435791,signal,-76.5080410,42.4326220,,,,,
,1534,213454357,,-76.4582623,42.4754916,,,,,
,1535,5239241979,,-76.4785998,42.4888595,,,,,
,1536,2419479290,,-76.4760272,42.4898507,,,,,
,1537,213506524,,-76.4629610,42.4359210,,,,,
,1538,4553086288,,-76.4640878,42.4361814,,,,,
,1539,2482979024,,-76.5000693,42.4705036,,,,,
,1540,213466505,,-76.4459385,42.4207827,,,,,
,1541,3007889051,,-76.4597031,42.4384249,,,,,
,1542,10231959486,,-76.4979855,42.4046975,,,,,
,1543,3007889022,,-76.4978543,42.4049494,,,,,
,1544,3007889024,,-76.4975865,42.4049595,,,,,
,1545,3226665003,,-76.5021061,42.4040859,,,,,
,1546,11115180827,,-76.5152250,42.4526698,,,,,
,1547,213458022,signal,-76.5016740,42.4385500,,,,,
,1548,213513554,,-76.5006920,42.4385810,,,,,
,1549,3281285752,,-76.4915264,42.4233061,,,,,
,1550,213448711,,-76.4917107,42.4246021,,,,,
,1551,213483664,,-76.4920212,42.4250979,,,,,
,1552,6760877328,,-76.4957308,42.4242431,,,,,
,1553,3281285776,,-76.4939941,42.4246956,,,,,
,1554,6760877329,,-76.4939309,42.4247010,,,,,
,1555,6760866103,,-76.4935158,42.4247644,,,,,
,1556,3425415175,,-76.5043114,42.4318853,,,,,
,1557,213431632,,-76.5042299,42.4317910,,,,,
,1558,3473140601,,-76.4645321,42.4824457,,,,,
,1559,3473140603,,-76.4651249,42.4825347,,,,,
,1560,3473140599,,-76.4328226,42.4784344,,,,,
,1561,3473140602,,-76.4653454,42.4825196,,,,,
,1562,213437517,,-76.4839535,42.4376785,,,,,
,1563,213462736,signal,-76.4968412,42.4404861,,,,,
,1564,3520036174,,-76.4963391,42.4405010,,,,,
,1565,213444986,,-76.5018760,42.4425140,,,,,
,1566,213444989,,-76.5019220,42.4434230,,,,,
,1567,213444992,,-76.5019790,42.4445170,,,,,
,1568,213512637,,-76.4950194,42.4384913,,,,,
,1569,213443023,,-76.4589459,42.4011508,,,,,
,1570,213428761,,-76.4151286,42.3748992,,,,,
,1571,213478590,,-76.4911471,42.4290821,,,,,
,1572,5099726229,,-76.4957606,42.4228072,,,,,
,1573,213450109,,-76.4956611,42.4226299,,,,,
,1574,213483644,,-76.4931280,42.4256350,,,,,
,1575,6760877330,,-76.4943161,42.4254838,,,,,
,1576,213483629,,-76.4942960,42.4254890,,,,,
,1577,213483640,,-76.4932980,42.4256510,,,,,
,1578,6760866141,,-76.4943675,42.4254704,,,,,
,1579,213483632,,-76.4938880,42.4255940,,,,,
,1580,213483634,,-76.4936380,42.4256370,,,,,
,1581,213483637,,-76.4934690,42.4256480,,,,,
,1582,213472434,,-76.5009960,42.4445430,,,,,
,1583,213409892,,-76.4994789,42.4445899,,,,,
,1584,213491389,,-76.5058700,42.4473380,,,,,
,1585,8423714845,,-76.5024375,42.4476112,,,,,
,1586,213469010,,-76.5043750,42.4454890,,,,,
,1587,213472430,,-76.5035480,42.4444690,,,,,
,1588,213464865,signal,-76.4997290,42.4519800,,,,,
,1589,213462793,,-76.4975430,42.4520540,,,,,
,1590,213462800,,-76.4975843,42.4527949,,,,,
,1591,213446177,,-76.4946700,42.4528880,,,,,
,1592,213446179,,-76.4946723,42.4530748,,,,,
,1593,6342326022,,-76.4792223,42.4813299,,,,,
,1594,4900050665,,-76.4706115,42.4819553,,,,,
,1595,213415434,signal,-76.4835740,42.4806570,,,,,
,1596,4874404764,,-76.4876764,42.4867118,,,,,
,1597,213494258,,-76.4886867,42.4824057,,,,,
,1598,5296188789,,-76.5016202,42.4394622,,,,,
,1599,5296188807,,-76.5008553,42.4394863,,,,,
,1600,213456871,,-76.5189990,42.4390370,,,,,
,1601,12016053421,,-76.5237300,42.4394832,,,,,
,1602,213528431,,-76.5296210,42.4605320,,,,,
,1603,4551333308,,-76.5387267,42.4660675,,,,,
,1604,213425501,,-76.5417788,42.4679247,,,,,
,1605,213507091,,-76.5422700,42.4682380,,,,,
,1606,213528665,,-76.6369163,42.5294335,,,,,
,1607,6903081261,,-76.4966449,42.4404926,,,,,
,1608,213493974,,-76.5008940,42.4425410,,,,,
,1609,7502107066,,-76.4974152,42.4386788,,,,,
,1610,413304139,signal,-76.4973758,42.4386805,,,,,
,1611,11140753640,,-76.4952266,42.4388335,,,,,
,1612,5906769085,,-76.4993920,42.4368695,,,,,
,1613,213410367,,-76.5038820,42.4384800,,,,,
,1614,10268088341,,-76.5023654,42.4312774,,,,,
,1615,213435776,signal,-76.5078847,42.4295928,,,,,
,1616,3771360781,,-76.5125159,42.4364577,,,,,
,1617,1236778082,,-76.5097041,42.4315195,,,,,
,1618,1045328451,,-76.5133105,42.4296889,,,,,
,1619,12814072266,,-76.5048333,42.4536079,,,,,
,1620,10906838637,,-76.5059030,42.4529132,,,,,
,1621,12814072271,,-76.5060108,42.4530463,,,,,
,1622,1056981694,,-76.5062977,42.4534246,,,,,
,1623,213443179,,-76.5009900,42.4518415,,,,,
,1624,4365755867,,-76.6224973,42.4512242,,,,,
,1625,213540503,,-76.5399627,42.4482091,,,,,
,1626,4365755865,,-76.5311862,42.4484474,,,,,
,1627,213441460,,-76.4811010,42.4697610,,,,,
,1628,213448409,,-76.4783924,42.4687667,,,,,
,1629,213441474,,-76.4799911,42.4698602,,,,,
,1630,213442086,,-76.4910276,42.4392892,,,,,
,1631,213441841,,-76.4824857,42.4511189,,,,,
,1632,213484956,,-76.4698690,42.4475490,,,,,
,1633,213541201,,-76.4668693,42.4473545,,,,,
,1634,6340679195,,-76.4673802,42.4475341,,,,,
,1635,9491355713,,-76.4749973,42.4494157,,,,,
,1636,2095791399,,-76.4794503,42.4508942,,,,,
,1637,213448412,,-76.4781040,42.4686263,,,,,
,1638,5087461818,,-76.4669281,42.4768058,,,,,
,1639,213502621,,-76.4646620,42.4728310,,,,,
,1640,4890502029,,-76.4670435,42.4790493,,,,,
,1641,2459801955,,-76.4657550,42.4808665,,,,,
,1642,2459801957,,-76.4665109,42.4808434,,,,,
,1643,213456451,,-76.4619252,42.4747165,,,,,
,1644,213467570,,-76.4849666,42.4535798,,,,,
,1645,213468079,signal,-76.4824256,42.4789362,,,,,
,1646,5223888945,,-76.4695902,42.4861245,,,,,
,1647,213492870,,-76.4674530,42.4861820,,,,,
,1648,826215212,,-76.4697236,42.4963345,,,,,
,1649,213502796,,-76.4717110,42.5069862,,,,,
,1650,213461431,,-76.4649870,42.4874730,,,,,
,1652,3572200198,,-76.4963842,42.4204608,,,,,
,1653,3572200200,,-76.4964039,42.4204874,,,,,
,1654,3572200201,,-76.4961984,42.4205039,,,,,
,1655,3572200202,,-76.4964084,42.4205176,,,,,
,1656,3639393307,,-76.4760516,42.4336806,,,,,
,1657,3683053647,,-76.5006158,42.4394932,,,,,
,1658,10767186279,,-76.4900952,42.4925643,,,,,
,1659,213525151,,-76.4906063,42.5015255,,,,,
,1660,213525140,,-76.4900816,42.4922063,,,,,
,1661,213472408,,-76.5113166,42.4442521,,,,,
,1662,213513681,,-76.5096030,42.4445180,,,,,
,1663,213546035,,-76.5001303,42.4576891,,,,,
,1664,1240450207,,-76.5000597,42.4566786,,,,,
,1665,213410342,,-76.5035863,42.4327571,,,,,
,1666,4849811301,,-76.5013219,42.4425292,,,,,
,1667,12427049028,,-76.5008347,42.4498453,,,,,
,1668,213443166,,-76.5008205,42.4495945,,,,,
,1669,213490755,,-76.4796720,42.4431414,,,,,
,1670,213490788,,-76.4814778,42.4441370,,,,,
,1671,5780807135,,-76.4815751,42.4452231,,,,,
,1672,7511513301,,-76.4815979,42.4463853,,,,,
,1673,213490706,,-76.4768149,42.4431571,,,,,
,1674,7511457958,,-76.4768347,42.4431532,,,,,
,1675,213468611,signal,-76.5106470,42.4409530,,,,,
,1676,4084150727,,-76.5106326,42.4406960,,,,,
,1677,213420692,,-76.4750371,42.4590325,,,,,
,1678,213449698,,-76.4782285,42.4684491,,,,,
,1679,213437402,signal,-76.4645545,42.4363114,,,,,
,1680,2482979019,,-76.4584123,42.4350446,,,,,
,1681,6342326411,,-76.4628780,42.4359045,,,,,
,1682,4842581323,,-76.4832311,42.4514076,,,,,
,1683,5084945725,,-76.4825295,42.4513672,,,,,
,1684,213435485,,-76.5028301,42.4522408,,,,,
,1685,4874404900,,-76.4869302,42.4855999,,,,,
,1686,213485806,signal,-76.4851546,42.4829155,,,,,
,1687,4873081404,,-76.4846303,42.4821476,,,,,
,1688,826201820,signal,-76.4862571,42.4825591,,,,,
,1689,4873078450,,-76.4857484,42.4827113,,,,,
,1690,4873081401,,-76.4849825,42.4826669,,,,,
,1691,4873078887,,-76.4817981,42.4759743,,,,,
,1692,213507120,,-76.4817566,42.4753598,,,,,
,1693,4873097830,,-76.4807974,42.4711147,,,,,
,1694,4874404765,,-76.4883489,42.4877254,,,,,
,1695,213525134,,-76.4899165,42.4912849,,,,,
,1696,4896174271,,-76.4869858,42.4856888,,,,,
,1697,213427161,,-76.4650674,42.4786671,,,,,
,1698,4890502032,,-76.4671801,42.4814973,,,,,
,1699,4890513764,,-76.4673099,42.4830453,,,,,
,1700,4900050666,,-76.4702106,42.4819840,,,,,
,1701,213479678,,-76.4799440,42.4842770,,,,,
,1702,5087461817,,-76.4669650,42.4777069,,,,,
,1703,213502655,,-76.4669492,42.4774165,,,,,
,1704,213474107,,-76.4669407,42.4769929,,,,,
,1705,213436703,signal,-76.4607186,42.4465787,,,,,
,1706,6164446946,,-76.4493511,42.4509786,,,,,
,1707,213436757,,-76.4362874,42.4558867,,,,,
,1708,213418913,,-76.4488980,42.4441460,,,,,
,1709,5092044791,,-76.4519828,42.4439998,,,,,
,1710,213494330,,-76.4886609,42.4817638,,,,,
,1711,5099726230,,-76.4947927,42.4230515,,,,,
,1712,5099726231,,-76.4948434,42.4232406,,,,,
,1713,213448530,,-76.4478020,42.4680570,,,,,
,1714,213448159,,-76.4304780,42.4720340,,,,,
,1715,5079124480,,-76.4803083,42.4697526,,,,,
,1716,213533315,,-76.4657833,42.4459509,,,,,
,1717,213541218,,-76.4653392,42.4455321,,,,,
,1718,5191230467,,-76.5098027,42.4392108,,,,,
,1719,5195362205,,-76.4815442,42.4448893,,,,,
,1720,213518868,,-76.4609963,42.4469747,,,,,
,1721,213464132,,-76.4702858,42.4433641,,,,,
,1722,213464193,,-76.4663330,42.4400799,,,,,
,1723,5219191771,,-76.5085386,42.4429492,,,,,
,1724,5219191770,,-76.5085871,42.4438398,,,,,
,1725,12310602258,,-76.4655878,42.4385473,,,,,
,1726,1044053129,,-76.4655610,42.4384801,,,,,
,1727,1044052887,,-76.4657414,42.4388161,,,,,
,1728,12310597302,,-76.4647302,42.4366825,,,,,
,1729,6343045963,,-76.4653462,42.4380027,,,,,
,1730,213460307,signal,-76.5205467,42.4192306,,,,,
,1731,5235940559,,-76.4819308,42.4770700,,,,,
,1732,13233888591,,-76.4760880,42.4910230,,,,,
,1733,5254593617,,-76.4842548,42.4723137,,,,,
,1734,1238895122,,-76.4797633,42.4476998,,,,,
,1735,213444261,,-76.5098508,42.4976074,,,,,
,1736,213468363,,-76.5097920,42.4978620,,,,,
,1737,5403556671,,-76.5190983,42.4364456,,,,,
,1738,213443695,,-76.5029640,42.4106636,,,,,
,1739,5408203403,,-76.5044719,42.4098637,,,,,
,1740,5408296159,,-76.5407827,42.4650300,,,,,
,1741,6340679203,,-76.5401611,42.4640584,,,,,
,1742,5408628379,,-76.4901867,42.4512875,,,,,
,1743,1045328610,,-76.5012268,42.4110259,,,,,
,1744,6340679122,,-76.5007967,42.4113710,,,,,
,1745,5422481329,,-76.4992238,42.4143760,,,,,
,1746,5423329345,,-76.4867899,42.4385988,,,,,
,1747,13037742914,,-76.4856518,42.4352051,,,,,
,1748,5423329353,,-76.4871770,42.4366636,,,,,
,1749,5423379465,,-76.4713545,42.4321718,,,,,
,1750,5423379467,,-76.4716328,42.4311393,,,,,
,1751,5423555292,,-76.4690072,42.4302946,,,,,
,1752,5423607164,,-76.4938943,42.4820370,,,,,
,1753,5482872957,,-76.4657938,42.4483518,,,,,
,1754,213428130,,-76.4767590,42.4440700,,,,,
,1755,5483045345,,-76.5320878,42.4377675,,,,,
,1756,5488957327,,-76.4933281,42.4006400,,,,,
,1757,213469622,,-76.4815950,42.4335560,,,,,
,1758,10633061423,,-76.4496106,42.4217988,,,,,
,1759,213474348,,-76.4635267,42.4033805,,,,,
,1760,5759497721,,-76.4909916,42.4633730,,,,,
,1761,5834493345,,-76.5108867,42.4027229,,,,,
,1762,213436684,,-76.4692417,42.4437761,,,,,
,1763,213470308,,-76.4860173,42.4239331,,,,,
,1764,5982796575,,-76.5145476,42.4295867,,,,,
,1765,2420416552,,-76.4767872,42.4898164,,,,,
,1766,2419479291,,-76.4769245,42.4898108,,,,,
,1767,11805053862,,-76.5279282,42.4689855,,,,,
,1768,213529879,,-76.5348470,42.4808340,,,,,
,1769,213511143,,-76.5399250,42.4928090,,,,,
,1770,213531082,,-76.5447940,42.4600580,,,,,
,1771,213468912,,-76.5477240,42.4674210,,,,,
,1772,213506632,,-76.5305210,42.3942970,,,,,
,1773,213442969,,-76.4597296,42.3958321,,,,,
,1774,213468337,,-76.5112230,42.4929870,,,,,
,1775,213444214,,-76.5111300,42.4937420,,,,,
,1776,6164475002,,-76.4786227,42.4959810,,,,,
,1777,213453515,,-76.4788800,42.5008180,,,,,
,1778,213454173,,-76.4516020,42.5008970,,,,,
,1779,213542758,,-76.4472512,42.4138398,,,,,
,1780,6208159053,,-76.5420846,42.4435894,,,,,
,1781,213522588,,-76.4673440,42.4011840,,,,,
,1782,213424897,,-76.5004243,42.4237147,,,,,
,1783,213421493,,-76.4965833,42.4306826,,,,,
,1784,213461660,,-76.4625582,42.4874971,,,,,
,1785,213461667,,-76.4640596,42.4873947,,,,,
,1786,826187521,,-76.4631361,42.4809098,,,,,
,1787,213441295,,-76.4808007,42.4551344,,,,,
,1788,213449633,,-76.4744330,42.4575151,,,,,
,1789,4341271541,,-76.4747648,42.4583184,,,,,
,1790,6340678846,,-76.4883173,42.4838117,,,,,
,1791,6340678849,,-76.4881577,42.4840844,,,,,
,1792,5408296161,,-76.5399134,42.4635495,,,,,
,1793,1043155337,,-76.5406542,42.4654993,,,,,
,1794,1043155710,,-76.5403332,42.4656726,,,,,
,1795,1293557614,,-76.5309055,42.4507569,,,,,
,1796,6208113031,,-76.5309876,42.4509313,,,,,
,1797,6760877293,,-76.5029273,42.4117270,,,,,
,1798,3007889043,,-76.5026527,42.4169339,,,,,
,1799,6340256868,,-76.4869612,42.3677308,,,,,
,1800,213443682,,-76.5030570,42.4073178,,,,,
,1801,5420265531,,-76.5005352,42.4115803,,,,,
,1802,1043464320,,-76.4870319,42.4504681,,,,,
,1803,213440518,,-76.4883020,42.4493200,,,,,
,1804,213448181,,-76.4313720,42.4865580,,,,,
,1805,213415298,,-76.5016450,42.4077780,,,,,
,1806,213443687,,-76.5030735,42.4079647,,,,,
,1807,1245773135,,-76.5029748,42.4105245,,,,,
,1808,266868117,,-76.4953046,42.4389808,,,,,
,1809,213516833,,-76.4483926,42.4331415,,,,,
,1810,213410605,,-76.4281140,42.4307730,,,,,
,1811,213487006,,-76.4236795,42.4025898,,,,,
,1812,213511963,,-76.4571227,42.4259263,,,,,
,1813,213464091,,-76.4627639,42.4313312,,,,,
,1814,213509549,,-76.4772276,42.4553348,,,,,
,1815,8495257876,,-76.5060628,42.4273535,,,,,
,1816,10720435347,,-76.4497397,42.4214064,,,,,
,1817,11115309385,,-76.4984600,42.4214703,,,,,
,1818,6910696517,,-76.4715940,42.4899646,,,,,
,1819,6910696518,,-76.4715752,42.4896928,,,,,
,1820,10740259718,,-76.4868155,42.4418870,,,,,
,1821,213437206,,-76.4874859,42.4421436,,,,,
,1822,213463841,,-76.5016722,42.4317793,,,,,
,1823,9927497395,,-76.5126715,42.4390804,,,,,
,1824,213515451,,-76.4884738,42.4375338,,,,,
,1825,11071395155,,-76.4884738,42.4375210,,,,,
,1826,5423329369,,-76.4874999,42.4365183,,,,,
,1827,7683965527,,-76.5032587,42.4485056,,,,,
,1828,7899064307,,-76.4432075,42.4429316,,,,,
,1829,6760586242,,-76.4946002,42.4210134,,,,,
,1830,213486346,,-76.4747740,42.4412730,,,,,
,1831,9525511132,,-76.4740754,42.4400173,,,,,
,1832,9525512442,,-76.4732758,42.4392829,,,,,
,1833,9471400882,,-76.4726741,42.4384439,,,,,
,1834,8395715093,,-76.4966395,42.4293645,,,,,
,1835,213482150,,-76.4797081,42.4550061,,,,,
,1836,8805442383,,-76.4737552,42.4481979,,,,,
,1837,8805442404,,-76.4743356,42.4485227,,,,,
,1838,8805442402,,-76.4739334,42.4484578,,,,,
,1839,8805442403,,-76.4741764,42.4484968,,,,,
,1840,7650586865,,-76.5133570,42.4397118,,,,,
,1841,9525512443,,-76.4725654,42.4395663,,,,,
,1842,9471400883,,-76.4719676,42.4387375,,,,,
,1843,10186841081,,-76.4717550,42.4392294,,,,,
,1844,5407687023,,-76.4833879,42.4262072,,,,,
,1845,9927497396,,-76.5124215,42.4393639,,,,,
,1846,213511166,,-76.5393240,42.4954495,,,,,
,1847,213532189,,-76.4990610,42.4771550,,,,,
,1848,8796625904,,-76.4834151,42.4627930,,,,,
,1849,10624150190,,-76.4807138,42.4452472,,,,,
,1850,213452459,,-76.4948810,42.4629327,,,,,
,1851,10186612291,,-76.4688163,42.4419991,,,,,
,1852,10268088347,,-76.5014266,42.4317940,,,,,
,1853,1236835134,,-76.5015451,42.4318217,,,,,
,1854,10268088346,,-76.5016106,42.4315425,,,,,
,1855,213460414,,-76.5016705,42.4315779,,,,,
,1856,6925787452,,-76.5017299,42.4316665,,,,,
,1857,213508586,,-76.4483521,42.4221398,,,,,
,1858,9491355114,,-76.4684942,42.4557825,,,,,
,1859,10720422900,,-76.4469177,42.4199383,,,,,
,1860,10720422899,,-76.4465714,42.4199506,,,,,
,1861,10740259719,,-76.4867989,42.4414351,,,,,
,1862,10767186283,,-76.4949591,42.4924182,,,,,
,1863,10767186301,,-76.4899993,42.4916447,,,,,
,1864,10181381090,,-76.5306111,42.4497252,,,,,
,1865,11374320752,,-76.5392367,42.4448138,,,,,
,1866,11026967442,,-76.4951403,42.4386989,,,,,
,1867,11229742063,,-76.5267702,42.4255640,,,,,
,1868,11229750268,,-76.5265750,42.4260194,,,,,
,1869,11296427192,,-76.4886255,42.4862459,,,,,
,1870,5239241978,,-76.4785908,42.4891957,,,,,
,1871,213529788,,-76.5231210,42.4620330,,,,,
,1872,213410354,,-76.5036660,42.4342120,,,,,
,1873,11115386062,,-76.5171836,42.4242725,,,,,
,1874,12256928942,,-76.4865350,42.4236486,,,,,
,1875,12293979952,,-76.5026232,42.4434049,,,,,
,1876,12343221604,,-76.4821881,42.4627879,,,,,
,1877,213501578,,-76.4885006,42.4315248,,,,,
,1878,5272318263,,-76.5018361,42.4394555,,,,,
,1879,5731283557,,-76.5038196,42.4393924,,,,,
,1880,5297489561,,-76.5040386,42.4393857,,,,,
,1881,213432679,,-76.5128236,42.4364530,,,,,
,1882,12407110788,,-76.5020186,42.4314416,,,,,
,1883,10268088342,,-76.5020979,42.4314256,,,,,
,1884,12425574941,,-76.5009329,42.4495365,,,,,
,1885,12425574945,,-76.5010218,42.4496700,,,,,
,1886,12425574946,,-76.5009904,42.4498099,,,,,
,1887,12425574947,,-76.5011080,42.4497792,,,,,
,1888,12427049024,,-76.5016513,42.4499631,,,,,
,1889,12814072268,,-76.5051002,42.4535005,,,,,
,1890,12814072270,,-76.5057700,42.4531617,,,,,
,1891,3044881757,,-76.5153191,42.4528882,,,,,
,1892,213423038,,-76.5137228,42.4548632,,,,,
,1893,213466454,,-76.4737450,42.4326990,,,,,
,1894,213534911,,-76.4743710,42.4319880,,,,,
,1895,5239241977,,-76.4785972,42.4879119,,,,,
,1896,213432510,,-76.5017313,42.4272140,,,,,
,1897,213432538,,-76.4992319,42.4282296,,,,,
,1898,213435489;213434884,signal,-76.5033755,42.4515793,,,,,
,1899,1045328225;1045328317,signal,-76.5079357,42.4304075,,,,,
,1900,213461676;213461435,signal,-76.4675116,42.4872492,,,,,
