od_no,o_zone_id,d_zone_id,o_sindex,d_sindex,o_district_id,d_district_id,agent_type,demand_period,volume,connectivity_flag,path_FF_travel_time_min,distance_km,distance_mile,
1,22,24,0,1,0,0,auto,AM,0.20,1,9.3466,14.1243,8.7783,
2,22,25,0,2,0,0,auto,AM,0.79,1,9.9610,15.1929,9.4424,
3,22,26,0,3,0,0,auto,AM,0.07,1,10.0824,16.1707,10.0501,
4,22,33,0,4,0,0,auto,AM,0.34,1,3.0449,2.9012,1.8031,
5,22,34,0,5,0,0,auto,AM,0.21,1,7.9723,11.8216,7.3472,
6,22,35,0,6,0,0,auto,AM,1.00,1,9.4660,14.6979,9.1348,
7,22,36,0,7,0,0,auto,AM,0.64,1,11.7872,17.2820,10.7408,
8,22,37,0,8,0,0,auto,AM,0.04,1,12.0154,19.1205,11.8835,
9,22,43,0,9,0,0,auto,AM,0.29,1,4.7285,5.5045,3.4211,
10,22,44,0,10,0,0,auto,AM,0.30,1,5.4333,7.0250,4.3660,
11,22,45,0,11,0,0,auto,AM,1.19,1,8.7599,11.0740,6.8825,
12,22,46,0,12,0,0,auto,AM,0.16,1,9.6181,13.6873,8.5067,
13,22,47,0,13,0,0,auto,AM,0.22,1,10.0137,14.9186,9.2720,
14,22,53,0,14,0,0,auto,AM,0.13,1,6.4647,8.2279,5.1137,
15,22,54,0,15,0,0,auto,AM,0.63,1,5.4312,7.2793,4.5241,
16,22,55,0,16,0,0,auto,AM,2.32,1,7.1283,9.9603,6.1904,
17,22,56,0,17,0,0,auto,AM,0.19,1,8.8004,12.3043,7.6471,
18,22,57,0,18,0,0,auto,AM,0.05,1,11.6487,15.7788,9.8066,
19,22,63,0,19,0,0,auto,AM,0.08,1,7.8125,10.3384,6.4254,
20,22,64,0,20,0,0,auto,AM,0.12,1,7.0727,9.5613,5.9424,
21,22,65,0,21,0,0,auto,AM,0.33,1,8.3604,11.1196,6.9109,
22,22,66,0,22,0,0,auto,AM,0.32,1,8.5979,12.4703,7.7503,
23,22,67,0,23,0,0,auto,AM,0.03,1,10.6211,15.2398,9.4716,
24,22,72,0,24,0,0,auto,AM,0.01,1,10.2732,13.4370,8.3511,
25,22,73,0,25,0,0,auto,AM,0.08,1,8.1780,11.6158,7.2193,
26,22,74,0,26,0,0,auto,AM,0.09,1,9.9471,13.5766,8.4379,
27,22,75,0,27,0,0,auto,AM,0.12,1,11.4139,14.5534,9.0450,
28,22,76,0,28,0,0,auto,AM,0.04,1,10.0635,14.2978,8.8862,
29,22,77,0,29,0,0,auto,AM,0.01,1,10.2855,15.7287,9.7754,
30,22,85,0,30,0,0,auto,AM,0.01,1,10.9455,14.6426,9.1004,
31,24,22,1,0,0,0,auto,AM,0.14,1,9.2708,13.9957,8.6984,
32,24,25,1,2,0,0,auto,AM,9.80,1,4.9056,8.5204,5.2954,
33,24,26,1,3,0,0,auto,AM,0.83,1,5.0270,9.4981,5.9031,
34,24,33,1,4,0,0,auto,AM,2.38,1,7.2275,11.3054,7.0264,
35,24,34,1,5,0,0,auto,AM,2.16,1,1.3743,2.3027,1.4312,
36,24,35,1,6,0,0,auto,AM,11.74,1,4.4106,8.0254,4.9878,
37,24,36,1,7,0,0,auto,AM,7.68,1,6.7317,10.6095,6.5938,
38,24,37,1,8,0,0,auto,AM,0.51,1,6.9600,12.4480,7.7365,
39,24,43,1,9,0,0,auto,AM,2.00,1,6.7644,10.2790,6.3884,
40,24,44,1,10,0,0,auto,AM,2.79,1,5.8559,8.9265,5.5479,
41,24,45,1,11,0,0,auto,AM,12.71,1,4.1461,5.4558,3.3908,
42,24,46,1,12,0,0,auto,AM,1.77,1,6.7232,8.8056,5.4727,
43,24,47,1,13,0,0,auto,AM,2.61,1,7.6112,12.9350,8.0391,
44,24,53,1,14,0,0,auto,AM,0.93,1,7.1620,10.9526,6.8071,
45,24,54,1,15,0,0,auto,AM,5.42,1,4.0908,6.9321,4.3083,
46,24,55,1,16,0,0,auto,AM,22.94,1,4.7259,7.9767,4.9576,
47,24,56,1,17,0,0,auto,AM,2.01,1,6.3979,10.3206,6.4143,
48,24,57,1,18,0,0,auto,AM,0.58,1,9.2463,13.7952,8.5737,
49,24,63,1,19,0,0,auto,AM,0.56,1,6.5449,10.1474,6.3066,
50,24,64,1,20,0,0,auto,AM,0.98,1,5.3645,8.5583,5.3190,
51,24,65,1,21,0,0,auto,AM,3.10,1,6.0791,9.2398,5.7425,
52,24,66,1,22,0,0,auto,AM,3.26,1,6.1954,10.4866,6.5175,
53,24,67,1,23,0,0,auto,AM,0.28,1,8.2187,13.2562,8.2388,
54,24,72,1,24,0,0,auto,AM,0.07,1,9.0056,13.2459,8.2324,
55,24,73,1,25,0,0,auto,AM,0.53,1,6.9104,11.4247,7.1005,
56,24,74,1,26,0,0,auto,AM,0.71,1,7.6657,11.6968,7.2696,
57,24,75,1,27,0,0,auto,AM,1.06,1,9.1325,12.6736,7.8767,
58,24,76,1,28,0,0,auto,AM,0.34,1,7.7821,12.4180,7.7179,
59,24,77,1,29,0,0,auto,AM,0.06,1,7.8830,13.7451,8.5426,
60,24,85,1,30,0,0,auto,AM,0.06,1,8.6641,12.7628,7.9321,
61,25,22,2,0,0,0,auto,AM,0.56,1,9.7847,14.9096,9.2664,
62,25,24,2,1,0,0,auto,AM,9.89,1,4.8914,8.6097,5.3510,
63,25,26,2,3,0,0,auto,AM,5.94,1,3.1838,4.3462,2.7012,
64,25,33,2,4,0,0,auto,AM,9.92,1,7.7414,12.2193,7.5943,
65,25,34,2,5,0,0,auto,AM,10.02,1,3.5171,6.3070,3.9198,
66,25,35,2,6,0,0,auto,AM,72.37,1,2.5674,2.8735,1.7859,
67,25,36,2,7,0,0,auto,AM,52.82,1,4.8885,5.4576,3.3919,
68,25,37,2,8,0,0,auto,AM,3.54,1,5.1168,7.2961,4.5345,
69,25,43,2,9,0,0,auto,AM,8.83,1,7.2783,11.1929,6.9564,
70,25,44,2,10,0,0,auto,AM,13.75,1,6.3699,9.8405,6.1159,
71,25,45,2,11,0,0,auto,AM,73.79,1,4.5068,4.9832,3.0971,
72,25,46,2,12,0,0,auto,AM,11.46,1,5.3445,6.1522,3.8236,
73,25,47,2,13,0,0,auto,AM,17.67,1,6.9775,8.7109,5.4139,
74,25,53,2,14,0,0,auto,AM,4.30,1,7.6759,11.8665,7.3751,
75,25,54,2,15,0,0,auto,AM,27.42,1,4.6047,7.8460,4.8763,
76,25,55,2,16,0,0,auto,AM,129.88,1,5.2398,8.8906,5.5256,
77,25,56,2,17,0,0,auto,AM,12.46,1,6.9118,11.2345,6.9823,
78,25,57,2,18,0,0,auto,AM,3.76,1,8.6126,9.5711,5.9485,
79,25,63,2,19,0,0,auto,AM,2.68,1,7.0588,11.0613,6.8746,
80,25,64,2,20,0,0,auto,AM,5.03,1,5.8785,9.4722,5.8870,
81,25,65,2,21,0,0,auto,AM,17.34,1,6.5930,10.1537,6.3105,
82,25,66,2,22,0,0,auto,AM,19.63,1,6.7093,11.4005,7.0855,
83,25,67,2,23,0,0,auto,AM,1.79,1,8.7326,14.1701,8.8068,
84,25,72,2,24,0,0,auto,AM,0.32,1,9.5196,14.1598,8.8004,
85,25,73,2,25,0,0,auto,AM,2.57,1,7.4243,12.3386,7.6685,
86,25,74,2,26,0,0,auto,AM,3.65,1,8.1797,12.6107,7.8376,
87,25,75,2,27,0,0,auto,AM,5.87,1,9.6465,13.5875,8.4447,
88,25,76,2,28,0,0,auto,AM,2.03,1,8.2961,13.3319,8.2858,
89,25,77,2,29,0,0,auto,AM,0.37,1,8.3969,14.6590,9.1106,
90,25,85,2,30,0,0,auto,AM,0.33,1,9.1781,13.6767,8.5001,
91,26,22,3,0,0,0,auto,AM,0.05,1,10.0374,16.0688,9.9868,
92,26,24,3,1,0,0,auto,AM,0.81,1,5.1441,9.7688,6.0714,
93,26,25,3,2,0,0,auto,AM,5.70,1,3.1126,4.2794,2.6596,
94,26,33,3,4,0,0,auto,AM,0.82,1,7.9941,13.3784,8.3148,
95,26,34,3,5,0,0,auto,AM,0.85,1,3.7698,7.4661,4.6402,
96,26,35,3,6,0,0,auto,AM,6.83,1,2.7797,3.9930,2.4817,
97,26,36,3,7,0,0,auto,AM,6.62,1,4.1705,4.3427,2.6990,
98,26,37,3,8,0,0,auto,AM,0.50,1,4.1293,5.3124,3.3017,
99,26,43,3,9,0,0,auto,AM,0.76,1,7.5310,12.3520,7.6768,
100,26,44,3,10,0,0,auto,AM,1.24,1,6.6225,10.9996,6.8363,
101,26,45,3,11,0,0,auto,AM,7.40,1,4.7191,6.1027,3.7929,
102,26,46,3,12,0,0,auto,AM,1.35,1,5.1644,5.6530,3.5133,
103,26,47,3,13,0,0,auto,AM,2.33,1,6.7975,8.2116,5.1036,
104,26,53,3,14,0,0,auto,AM,0.38,1,7.9286,13.0257,8.0955,
105,26,54,3,15,0,0,auto,AM,2.57,1,4.8574,9.0051,5.5967,
106,26,55,3,16,0,0,auto,AM,13.35,1,5.4925,10.0497,6.2460,
107,26,56,3,17,0,0,auto,AM,1.43,1,7.1645,12.3937,7.7027,
108,26,57,3,18,0,0,auto,AM,0.47,1,8.4325,9.0718,5.6382,
109,26,63,3,19,0,0,auto,AM,0.25,1,7.3115,12.2204,7.5950,
110,26,64,3,20,0,0,auto,AM,0.49,1,6.1312,10.6313,6.6074,
111,26,65,3,21,0,0,auto,AM,1.81,1,6.8457,11.3128,7.0309,
112,26,66,3,22,0,0,auto,AM,2.23,1,6.9620,12.5597,7.8059,
113,26,67,3,23,0,0,auto,AM,0.22,1,8.9853,15.3292,9.5272,
114,26,72,3,24,0,0,auto,AM,0.03,1,9.7723,15.3189,9.5208,
115,26,73,3,25,0,0,auto,AM,0.24,1,7.6770,13.4978,8.3889,
116,26,74,3,26,0,0,auto,AM,0.36,1,8.4324,13.7698,8.5580,
117,26,75,3,27,0,0,auto,AM,0.62,1,9.8992,14.7466,9.1651,
118,26,76,3,28,0,0,auto,AM,0.23,1,8.5488,14.4911,9.0063,
119,26,77,3,29,0,0,auto,AM,0.04,1,8.6496,15.8181,9.8310,
120,26,85,3,30,0,0,auto,AM,0.04,1,9.4308,14.8358,9.2205,
121,33,22,4,0,0,0,auto,AM,0.25,1,3.0449,2.9012,1.8031,
122,33,24,4,1,0,0,auto,AM,2.54,1,7.3033,11.4340,7.1063,
123,33,25,4,2,0,0,auto,AM,10.47,1,7.9177,12.5026,7.7704,
124,33,26,4,3,0,0,auto,AM,0.91,1,8.0391,13.4803,8.3781,
125,33,34,4,5,0,0,auto,AM,3.03,1,5.9290,9.1312,5.6751,
126,33,35,4,6,0,0,auto,AM,14.25,1,7.4227,12.0076,7.4628,
127,33,36,4,7,0,0,auto,AM,9.02,1,9.7439,14.5917,9.0688,
128,33,37,4,8,0,0,auto,AM,0.59,1,9.9721,16.4302,10.2114,
129,33,43,4,9,0,0,auto,AM,4.09,1,2.6852,2.8141,1.7490,
130,33,44,4,10,0,0,auto,AM,4.57,1,5.3717,6.9710,4.3325,
131,33,45,4,11,0,0,auto,AM,17.58,1,6.7166,8.3837,5.2105,
132,33,46,4,12,0,0,auto,AM,2.26,1,7.5748,10.9970,6.8347,
133,33,47,4,13,0,0,auto,AM,3.22,1,7.9704,12.2283,7.5999,
134,33,53,4,14,0,0,auto,AM,1.85,1,4.4214,5.5376,3.4416,
135,33,54,4,15,0,0,auto,AM,9.37,1,3.3879,4.5890,2.8521,
136,33,55,4,16,0,0,auto,AM,34.64,1,5.0850,7.2700,4.5183,
137,33,56,4,17,0,0,auto,AM,2.78,1,6.7571,9.6139,5.9751,
138,33,57,4,18,0,0,auto,AM,0.75,1,9.6054,13.0884,8.1345,
139,33,63,4,19,0,0,auto,AM,1.10,1,5.7692,7.6481,4.7533,
140,33,64,4,20,0,0,auto,AM,1.74,1,5.0294,6.8709,4.2703,
141,33,65,4,21,0,0,auto,AM,4.94,1,6.3171,8.4292,5.2388,
142,33,66,4,22,0,0,auto,AM,4.78,1,6.5546,9.7799,6.0783,
143,33,67,4,23,0,0,auto,AM,0.39,1,8.5779,12.5495,7.7995,
144,33,72,4,24,0,0,auto,AM,0.14,1,8.2300,10.7466,6.6791,
145,33,73,4,25,0,0,auto,AM,1.03,1,6.1347,8.9255,5.5472,
146,33,74,4,26,0,0,auto,AM,1.26,1,7.9038,10.8863,6.7659,
147,33,75,4,27,0,0,auto,AM,1.75,1,9.3706,11.8630,7.3729,
148,33,76,4,28,0,0,auto,AM,0.53,1,8.0202,11.6075,7.2141,
149,33,77,4,29,0,0,auto,AM,0.09,1,8.2422,13.0383,8.1034,
150,33,85,4,30,0,0,auto,AM,0.10,1,8.9022,11.9522,7.4284,
151,34,22,5,0,0,0,auto,AM,0.13,1,7.8965,11.6930,7.2672,
152,34,24,5,1,0,0,auto,AM,1.89,1,1.3743,2.3027,1.4312,
153,34,25,5,2,0,0,auto,AM,8.68,1,3.5313,6.2176,3.8643,
154,34,26,5,3,0,0,auto,AM,0.76,1,3.6527,7.1954,4.4720,
155,34,33,5,4,0,0,auto,AM,2.49,1,5.8532,9.0027,5.5952,
156,34,35,5,6,0,0,auto,AM,12.28,1,3.0363,5.7226,3.5566,
157,34,36,5,7,0,0,auto,AM,7.73,1,5.3574,8.3067,5.1627,
158,34,37,5,8,0,0,auto,AM,0.50,1,5.5857,10.1452,6.3053,
159,34,43,5,9,0,0,auto,AM,2.29,1,5.3901,7.9762,4.9573,
160,34,44,5,10,0,0,auto,AM,3.40,1,4.4816,6.6238,4.1167,
161,34,45,5,11,0,0,auto,AM,14.58,1,2.7718,3.1531,1.9596,
162,34,46,5,12,0,0,auto,AM,1.91,1,5.3489,6.5029,4.0416,
163,34,47,5,13,0,0,auto,AM,2.73,1,6.2369,10.6322,6.6080,
164,34,53,5,14,0,0,auto,AM,1.10,1,5.7877,8.6499,5.3759,
165,34,54,5,15,0,0,auto,AM,6.56,1,2.7165,4.6293,2.8771,
166,34,55,5,16,0,0,auto,AM,27.07,1,3.3516,5.6740,3.5264,
167,34,56,5,17,0,0,auto,AM,2.27,1,5.0236,8.0179,4.9832,
168,34,57,5,18,0,0,auto,AM,0.63,1,7.8720,11.4924,7.1426,
169,34,63,5,19,0,0,auto,AM,0.67,1,5.1706,7.8446,4.8755,
170,34,64,5,20,0,0,auto,AM,1.19,1,3.9902,6.2555,3.8878,
171,34,65,5,21,0,0,auto,AM,3.70,1,4.7048,6.9370,4.3114,
172,34,66,5,22,0,0,auto,AM,3.77,1,4.8211,8.1839,5.0863,
173,34,67,5,23,0,0,auto,AM,0.32,1,6.8444,10.9534,6.8076,
174,34,72,5,24,0,0,auto,AM,0.08,1,7.6313,10.9432,6.8012,
175,34,73,5,25,0,0,auto,AM,0.63,1,5.5361,9.1220,5.6694,
176,34,74,5,26,0,0,auto,AM,0.85,1,6.2915,9.3941,5.8384,
177,34,75,5,27,0,0,auto,AM,1.27,1,7.7582,10.3708,6.4455,
178,34,76,5,28,0,0,auto,AM,0.40,1,6.4078,10.1153,6.2867,
179,34,77,5,29,0,0,auto,AM,0.07,1,6.5087,11.4423,7.1114,
180,34,85,5,30,0,0,auto,AM,0.07,1,7.2898,10.4600,6.5010,
181,35,22,6,0,0,0,auto,AM,0.62,1,9.4918,14.6624,9.1127,
182,35,24,6,1,0,0,auto,AM,10.40,1,4.5984,8.3625,5.1973,
183,35,25,6,2,0,0,auto,AM,63.47,1,2.5670,2.8730,1.7856,
184,35,26,6,3,0,0,auto,AM,6.24,1,2.6512,3.8220,2.3754,
185,35,33,6,4,0,0,auto,AM,11.84,1,7.4485,11.9721,7.4407,
186,35,34,6,5,0,0,auto,AM,12.42,1,3.2241,6.0597,3.7662,
187,35,36,6,7,0,0,auto,AM,65.51,1,2.9199,3.0658,1.9054,
188,35,37,6,8,0,0,auto,AM,4.23,1,3.1482,4.9043,3.0480,
189,35,43,6,9,0,0,auto,AM,11.33,1,6.9854,10.9456,6.8028,
190,35,44,6,10,0,0,auto,AM,18.71,1,6.0769,9.5932,5.9622,
191,35,45,6,11,0,0,auto,AM,106.58,1,2.5382,2.5913,1.6105,
192,35,46,6,12,0,0,auto,AM,15.60,1,3.3759,3.7604,2.3371,
193,35,47,6,13,0,0,auto,AM,22.66,1,5.0089,6.3191,3.9273,
194,35,53,6,14,0,0,auto,AM,5.76,1,7.3830,11.6193,7.2214,
195,35,54,6,15,0,0,auto,AM,38.38,1,4.3118,7.5987,4.7226,
196,35,55,6,16,0,0,auto,AM,186.49,1,4.0209,4.5838,2.8489,
197,35,56,6,17,0,0,auto,AM,17.44,1,5.0305,5.6151,3.4898,
198,35,57,6,18,0,0,auto,AM,5.04,1,6.6440,7.1792,4.4619,
199,35,63,6,19,0,0,auto,AM,3.68,1,6.7659,10.8141,6.7210,
200,35,64,6,20,0,0,auto,AM,7.11,1,5.5855,9.2249,5.7333,
201,35,65,6,21,0,0,auto,AM,24.84,1,6.2722,7.4574,4.6348,
202,35,66,6,22,0,0,auto,AM,27.74,1,5.4451,6.5776,4.0880,
203,35,67,6,23,0,0,auto,AM,2.46,1,6.8512,8.5506,5.3143,
204,35,72,6,24,0,0,auto,AM,0.43,1,9.2266,13.9126,8.6467,
205,35,73,6,25,0,0,auto,AM,3.58,1,7.1314,12.0914,7.5149,
206,35,74,6,26,0,0,auto,AM,5.17,1,7.8588,9.9144,6.1619,
207,35,75,6,27,0,0,auto,AM,8.40,1,9.3256,10.8912,6.7689,
208,35,76,6,28,0,0,auto,AM,2.87,1,7.3259,9.4660,5.8832,
209,35,77,6,29,0,0,auto,AM,0.51,1,7.1327,9.8360,6.1131,
210,35,85,6,30,0,0,auto,AM,0.48,1,8.8572,10.9804,6.8244,
211,36,22,7,0,0,0,auto,AM,0.42,1,11.8129,17.2465,10.7188,
212,36,24,7,1,0,0,auto,AM,7.18,1,6.9196,10.9466,6.8034,
213,36,25,7,2,0,0,auto,AM,48.91,1,4.8882,5.4571,3.3916,
214,36,26,7,3,0,0,auto,AM,6.38,1,4.1600,4.3248,2.6879,
215,36,33,7,4,0,0,auto,AM,7.92,1,9.7696,14.5562,9.0467,
216,36,34,7,5,0,0,auto,AM,8.26,1,5.5453,8.6438,5.3722,
217,36,35,7,6,0,0,auto,AM,69.17,1,2.9199,3.0658,1.9054,
218,36,37,7,8,0,0,auto,AM,5.01,1,2.4997,3.6659,2.2783,
219,36,43,7,9,0,0,auto,AM,7.68,1,9.3065,13.5297,8.4088,
220,36,44,7,10,0,0,auto,AM,12.93,1,8.3981,12.1773,7.5683,
221,36,45,7,11,0,0,auto,AM,82.13,1,4.3767,4.5542,2.8304,
222,36,46,7,12,0,0,auto,AM,15.94,1,3.8293,3.8635,2.4012,
223,36,47,7,13,0,0,auto,AM,25.84,1,5.4624,6.4222,3.9914,
224,36,53,7,14,0,0,auto,AM,4.04,1,9.7041,14.2034,8.8275,
225,36,54,7,15,0,0,auto,AM,28.13,1,6.6329,10.1828,6.3287,
226,36,55,7,16,0,0,auto,AM,152.50,1,5.5156,6.5913,4.0965,
227,36,56,7,17,0,0,auto,AM,16.80,1,5.8624,6.1242,3.8062,
228,36,57,7,18,0,0,auto,AM,5.42,1,7.0974,7.2824,4.5260,
229,36,63,7,19,0,0,auto,AM,2.67,1,9.0870,13.3982,8.3270,
230,36,64,7,20,0,0,auto,AM,5.45,1,7.7674,9.5970,5.9646,
231,36,65,7,21,0,0,auto,AM,20.84,1,7.5405,9.2807,5.7680,
232,36,66,7,22,0,0,auto,AM,26.06,1,6.2770,7.0867,4.4044,
233,36,67,7,23,0,0,auto,AM,2.53,1,7.6831,9.0597,5.6306,
234,36,72,7,24,0,0,auto,AM,0.31,1,11.5478,16.4967,10.2527,
235,36,73,7,25,0,0,auto,AM,2.67,1,9.4526,14.6755,9.1209,
236,36,74,7,26,0,0,auto,AM,4.08,1,9.1272,11.7378,7.2951,
237,36,75,7,27,0,0,auto,AM,7.14,1,10.5316,12.4341,7.7278,
238,36,76,7,28,0,0,auto,AM,2.66,1,8.1578,9.9751,6.1996,
239,36,77,7,29,0,0,auto,AM,0.51,1,7.9646,10.3451,6.4295,
240,36,85,7,30,0,0,auto,AM,0.41,1,10.1256,12.8037,7.9576,
241,37,22,8,0,0,0,auto,AM,0.03,1,12.0412,19.0850,11.8614,
242,37,24,8,1,0,0,auto,AM,0.51,1,7.1479,12.7851,7.9460,
243,37,25,8,2,0,0,auto,AM,3.56,1,5.1164,7.2956,4.5343,
244,37,26,8,3,0,0,auto,AM,0.52,1,4.1293,5.3124,3.3017,
245,37,33,8,4,0,0,auto,AM,0.56,1,9.9979,16.3947,10.1894,
246,37,34,8,5,0,0,auto,AM,0.58,1,5.7736,10.4823,6.5148,
247,37,35,8,6,0,0,auto,AM,4.84,1,3.1482,4.9043,3.0480,
248,37,36,8,7,0,0,auto,AM,5.43,1,2.4997,3.6659,2.2783,
249,37,43,8,9,0,0,auto,AM,0.55,1,9.5348,15.3682,9.5514,
250,37,44,8,10,0,0,auto,AM,0.92,1,8.6264,14.0158,8.7109,
251,37,45,8,11,0,0,auto,AM,5.97,1,4.6050,6.3927,3.9731,
252,37,46,8,12,0,0,auto,AM,1.29,1,4.0576,5.7021,3.5438,
253,37,47,8,13,0,0,auto,AM,2.78,1,5.6906,8.2607,5.1341,
254,37,53,8,14,0,0,auto,AM,0.29,1,9.9324,16.0419,9.9701,
255,37,54,8,15,0,0,auto,AM,2.08,1,6.8612,12.0213,7.4713,
256,37,55,8,16,0,0,auto,AM,11.77,1,5.7439,8.4298,5.2392,
257,37,56,8,17,0,0,auto,AM,1.45,1,6.0906,7.9627,4.9488,
258,37,57,8,18,0,0,auto,AM,0.55,1,7.3257,9.1209,5.6687,
259,37,63,8,19,0,0,auto,AM,0.20,1,9.3153,15.2367,9.4696,
260,37,64,8,20,0,0,auto,AM,0.42,1,7.9957,11.4355,7.1072,
261,37,65,8,21,0,0,auto,AM,1.68,1,7.7688,11.1192,6.9106,
262,37,66,8,22,0,0,auto,AM,2.30,1,6.5053,8.9252,5.5470,
263,37,67,8,23,0,0,auto,AM,0.25,1,7.9114,10.8982,6.7733,
264,37,72,8,24,0,0,auto,AM,0.02,1,11.7761,18.3352,11.3954,
265,37,73,8,25,0,0,auto,AM,0.20,1,9.6808,16.5140,10.2635,
266,37,74,8,26,0,0,auto,AM,0.32,1,9.3555,13.5763,8.4377,
267,37,75,8,27,0,0,auto,AM,0.59,1,10.7598,14.2726,8.8705,
268,37,76,8,28,0,0,auto,AM,0.24,1,8.3861,11.8136,7.3422,
269,37,77,8,29,0,0,auto,AM,0.05,1,8.1929,12.1836,7.5721,
270,37,85,8,30,0,0,auto,AM,0.03,1,10.3539,14.6422,9.1002,
271,43,22,9,0,0,0,auto,AM,0.20,1,4.7285,5.5045,3.4211,
272,43,24,9,1,0,0,auto,AM,2.01,1,6.8402,10.4075,6.4683,
273,43,25,9,2,0,0,auto,AM,8.78,1,7.4546,11.4761,7.1325,
274,43,26,9,3,0,0,auto,AM,0.78,1,7.5760,12.4539,7.7401,
275,43,33,9,4,0,0,auto,AM,3.85,1,2.6852,2.8141,1.7490,
276,43,34,9,5,0,0,auto,AM,2.63,1,5.4659,8.1048,5.0372,
277,43,35,9,6,0,0,auto,AM,12.84,1,6.9596,10.9811,6.8248,
278,43,36,9,7,0,0,auto,AM,8.25,1,9.2808,13.5652,8.4308,
279,43,37,9,8,0,0,auto,AM,0.54,1,9.5090,15.4037,9.5735,
280,43,44,9,10,0,0,auto,AM,4.67,1,4.9086,5.9446,3.6946,
281,43,45,9,11,0,0,auto,AM,17.31,1,6.2535,7.3572,4.5725,
282,43,46,9,12,0,0,auto,AM,2.20,1,7.1117,9.9705,6.1967,
283,43,47,9,13,0,0,auto,AM,3.10,1,7.5073,11.2018,6.9620,
284,43,53,9,14,0,0,auto,AM,2.20,1,3.9583,4.5112,2.8037,
285,43,54,9,15,0,0,auto,AM,10.52,1,2.9248,3.5626,2.2141,
286,43,55,9,16,0,0,auto,AM,36.65,1,4.6219,6.2436,3.8804,
287,43,56,9,17,0,0,auto,AM,2.84,1,6.2940,8.5875,5.3372,
288,43,57,9,18,0,0,auto,AM,0.76,1,9.1423,12.0620,7.4966,
289,43,63,9,19,0,0,auto,AM,1.31,1,5.3061,6.6217,4.1154,
290,43,64,9,20,0,0,auto,AM,2.01,1,4.5663,5.8445,3.6324,
291,43,65,9,21,0,0,auto,AM,5.46,1,5.8540,7.4028,4.6009,
292,43,66,9,22,0,0,auto,AM,5.10,1,6.0915,8.7535,5.4403,
293,43,67,9,23,0,0,auto,AM,0.41,1,8.1148,11.5230,7.1616,
294,43,72,9,24,0,0,auto,AM,0.16,1,7.7669,9.7202,6.0411,
295,43,73,9,25,0,0,auto,AM,1.21,1,5.6716,7.8990,4.9093,
296,43,74,9,26,0,0,auto,AM,1.47,1,7.4407,9.8598,6.1279,
297,43,75,9,27,0,0,auto,AM,1.98,1,8.9075,10.8366,6.7350,
298,43,76,9,28,0,0,auto,AM,0.58,1,7.5571,10.5811,6.5762,
299,43,77,9,29,0,0,auto,AM,0.09,1,7.7791,12.0119,7.4654,
300,43,85,9,30,0,0,auto,AM,0.12,1,8.4391,10.9258,6.7904,
301,44,22,10,0,0,0,auto,AM,0.17,1,5.4333,7.0250,4.3660,
302,44,24,10,1,0,0,auto,AM,2.29,1,5.9317,9.0551,5.6278,
303,44,25,10,2,0,0,auto,AM,11.19,1,6.5462,10.1237,6.2919,
304,44,26,10,3,0,0,auto,AM,1.05,1,6.6676,11.1015,6.8996,
305,44,33,10,4,0,0,auto,AM,3.52,1,5.3717,6.9710,4.3325,
306,44,34,10,5,0,0,auto,AM,3.19,1,4.5575,6.7524,4.1966,
307,44,35,10,6,0,0,auto,AM,17.36,1,6.0511,9.6287,5.9843,
308,44,36,10,7,0,0,auto,AM,11.36,1,8.3723,12.2128,7.5903,
309,44,37,10,8,0,0,auto,AM,0.75,1,8.6006,14.0513,8.7329,
310,44,43,10,9,0,0,auto,AM,3.83,1,4.9086,5.9446,3.6946,
311,44,45,10,11,0,0,auto,AM,24.33,1,5.3450,6.0048,3.7320,
312,44,46,10,12,0,0,auto,AM,3.07,1,6.2032,8.6181,5.3562,
313,44,47,10,13,0,0,auto,AM,4.32,1,6.5988,9.8494,6.1214,
314,44,53,10,14,0,0,auto,AM,2.01,1,5.3202,6.6372,4.1250,
315,44,54,10,15,0,0,auto,AM,12.75,1,2.2491,2.6166,1.6262,
316,44,55,10,16,0,0,auto,AM,49.57,1,3.7135,4.8911,3.0399,
317,44,56,10,17,0,0,auto,AM,3.92,1,5.3855,7.2351,4.4966,
318,44,57,10,18,0,0,auto,AM,1.05,1,8.2339,10.7096,6.6560,
319,44,63,10,19,0,0,auto,AM,1.27,1,4.7032,5.8319,3.6246,
320,44,64,10,20,0,0,auto,AM,2.29,1,3.6578,4.4921,2.7918,
321,44,65,10,21,0,0,auto,AM,6.97,1,4.9456,6.0504,3.7603,
322,44,66,10,22,0,0,auto,AM,6.80,1,5.1830,7.4011,4.5998,
323,44,67,10,23,0,0,auto,AM,0.55,1,7.2063,10.1706,6.3211,
324,44,72,10,24,0,0,auto,AM,0.15,1,7.1639,8.9304,5.5503,
325,44,73,10,25,0,0,auto,AM,1.21,1,5.0687,7.1093,4.4184,
326,44,74,10,26,0,0,auto,AM,1.64,1,6.5322,8.5074,5.2874,
327,44,75,10,27,0,0,auto,AM,2.41,1,7.9990,9.4842,5.8944,
328,44,76,10,28,0,0,auto,AM,0.74,1,6.6486,9.2286,5.7356,
329,44,77,10,29,0,0,auto,AM,0.12,1,6.8706,10.6595,6.6249,
330,44,85,10,30,0,0,auto,AM,0.14,1,7.5306,9.5734,5.9499,
331,45,22,11,0,0,0,auto,AM,0.69,1,8.6398,11.2613,6.9989,
332,45,24,11,1,0,0,auto,AM,10.64,1,4.1461,5.4558,3.3908,
333,45,25,11,2,0,0,auto,AM,61.21,1,4.5064,4.9827,3.0968,
334,45,26,11,3,0,0,auto,AM,6.38,1,4.5907,5.9316,3.6865,
335,45,33,11,4,0,0,auto,AM,13.82,1,6.5965,8.5709,5.3269,
336,45,34,11,5,0,0,auto,AM,13.95,1,2.7718,3.1530,1.9596,
337,45,35,11,6,0,0,auto,AM,100.81,1,2.5382,2.5913,1.6105,
338,45,36,11,7,0,0,auto,AM,73.57,1,4.3767,4.5542,2.8304,
339,45,37,11,8,0,0,auto,AM,4.94,1,4.6050,6.3927,3.9731,
340,45,43,11,9,0,0,auto,AM,14.45,1,6.1334,7.5445,4.6889,
341,45,44,11,10,0,0,auto,AM,24.80,1,5.2249,6.1921,3.8484,
342,45,46,11,12,0,0,auto,AM,20.67,1,2.8721,3.0532,1.8976,
343,45,47,11,13,0,0,auto,AM,28.89,1,4.5052,5.6119,3.4878,
344,45,53,11,14,0,0,auto,AM,7.90,1,6.3852,8.0312,4.9915,
345,45,54,11,15,0,0,auto,AM,55.81,1,3.3140,4.0107,2.4926,
346,45,55,11,16,0,0,auto,AM,287.81,1,2.4485,2.4776,1.5399,
347,45,56,11,17,0,0,auto,AM,25.37,1,4.1314,4.7109,2.9278,
348,45,57,11,18,0,0,auto,AM,6.91,1,6.1402,6.4720,4.0224,
349,45,63,11,19,0,0,auto,AM,5.27,1,5.7681,7.2260,4.4910,
350,45,64,11,20,0,0,auto,AM,10.64,1,4.4798,5.0442,3.1350,
351,45,65,11,21,0,0,auto,AM,38.11,1,4.5320,5.0912,3.1642,
352,45,66,11,22,0,0,auto,AM,41.50,1,4.1489,5.3737,3.3398,
353,45,67,11,23,0,0,auto,AM,3.51,1,5.9521,7.6464,4.7523,
354,45,72,11,24,0,0,auto,AM,0.61,1,8.2288,10.3245,6.4167,
355,45,73,11,25,0,0,auto,AM,5.24,1,6.1336,8.5034,5.2849,
356,45,74,11,26,0,0,auto,AM,7.81,1,6.1187,7.5483,4.6913,
357,45,75,11,27,0,0,auto,AM,12.86,1,7.5855,8.5250,5.2983,
358,45,76,11,28,0,0,auto,AM,4.34,1,6.0297,8.2622,5.1350,
359,45,77,11,29,0,0,auto,AM,0.75,1,5.8365,8.6322,5.3649,
360,45,85,11,30,0,0,auto,AM,0.73,1,7.1171,8.6142,5.3538,
361,46,22,12,0,0,0,auto,AM,0.09,1,9.5022,13.5925,8.4478,
362,46,24,12,1,0,0,auto,AM,1.42,1,6.7174,8.5339,5.3039,
363,46,25,12,2,0,0,auto,AM,9.12,1,5.3525,6.1654,3.8318,
364,46,26,12,3,0,0,auto,AM,1.12,1,5.1539,5.6350,3.5022,
365,46,33,12,4,0,0,auto,AM,1.71,1,7.4589,10.9022,6.7758,
366,46,34,12,5,0,0,auto,AM,1.76,1,5.3431,6.2312,3.8727,
367,46,35,12,6,0,0,auto,AM,14.15,1,3.3842,3.7741,2.3456,
368,46,36,12,7,0,0,auto,AM,13.70,1,3.8293,3.8636,2.4012,
369,46,37,12,8,0,0,auto,AM,1.03,1,4.0576,5.7021,3.5438,
370,46,43,12,9,0,0,auto,AM,1.76,1,6.9958,9.8758,6.1378,
371,46,44,12,10,0,0,auto,AM,3.00,1,6.0873,8.5234,5.2973,
372,46,45,12,11,0,0,auto,AM,19.82,1,2.7092,2.8150,1.7495,
373,46,47,12,13,0,0,auto,AM,6.24,1,1.9868,2.3012,1.4302,
374,46,53,12,14,0,0,auto,AM,0.98,1,7.2475,10.3625,6.4403,
375,46,54,12,15,0,0,auto,AM,7.02,1,4.1763,6.3419,3.9415,
376,46,55,12,16,0,0,auto,AM,40.39,1,2.9566,4.2350,2.6321,
377,46,56,12,17,0,0,auto,AM,4.72,1,3.3034,3.7678,2.3417,
378,46,57,12,18,0,0,auto,AM,1.44,1,4.1616,4.0876,2.5405,
379,46,63,12,19,0,0,auto,AM,0.67,1,6.6304,9.5573,5.9399,
380,46,64,12,20,0,0,auto,AM,1.42,1,5.2084,7.2407,4.5001,
381,46,65,12,21,0,0,auto,AM,5.68,1,4.9815,6.9244,4.3035,
382,46,66,12,22,0,0,auto,AM,7.28,1,3.7180,4.7303,2.9399,
383,46,67,12,23,0,0,auto,AM,0.69,1,4.9806,5.9063,3.6708,
384,46,72,12,24,0,0,auto,AM,0.08,1,9.0912,12.6558,7.8656,
385,46,73,12,25,0,0,auto,AM,0.69,1,6.9959,10.8346,6.7338,
386,46,74,12,26,0,0,auto,AM,1.09,1,6.5682,9.3814,5.8306,
387,46,75,12,27,0,0,auto,AM,1.96,1,7.9726,10.0777,6.2634,
388,46,76,12,28,0,0,auto,AM,0.74,1,5.5988,7.6188,4.7351,
389,46,77,12,29,0,0,auto,AM,0.14,1,5.4056,7.9888,4.9650,
390,46,85,12,30,0,0,auto,AM,0.11,1,7.5666,10.4474,6.4931,
391,47,22,13,0,0,0,auto,AM,0.16,1,9.8977,14.8238,9.2131,
392,47,24,13,1,0,0,auto,AM,2.63,1,7.5691,12.7927,7.9507,
393,47,25,13,2,0,0,auto,AM,17.65,1,6.9855,8.7241,5.4221,
394,47,26,13,3,0,0,auto,AM,2.42,1,6.7869,8.1937,5.0924,
395,47,33,13,4,0,0,auto,AM,3.04,1,7.8544,12.1335,7.5410,
396,47,34,13,5,0,0,auto,AM,3.14,1,6.1948,10.4900,6.5196,
397,47,35,13,6,0,0,auto,AM,25.81,1,5.0172,6.3328,3.9358,
398,47,36,13,7,0,0,auto,AM,27.87,1,5.4624,6.4222,3.9914,
399,47,37,13,8,0,0,auto,AM,2.77,1,5.6906,8.2607,5.1341,
400,47,43,13,9,0,0,auto,AM,3.11,1,7.3913,11.1071,6.9031,
401,47,44,13,10,0,0,auto,AM,5.30,1,6.4829,9.7547,6.0626,
402,47,45,13,11,0,0,auto,AM,34.79,1,4.3423,5.3737,3.3397,
403,47,46,13,12,0,0,auto,AM,7.83,1,1.9868,2.3012,1.4302,
404,47,53,13,14,0,0,auto,AM,1.74,1,7.6431,11.5938,7.2056,
405,47,54,13,15,0,0,auto,AM,12.57,1,4.5719,7.5733,4.7068,
406,47,55,13,16,0,0,auto,AM,73.67,1,3.3522,5.4663,3.3973,
407,47,56,13,17,0,0,auto,AM,9.61,1,3.6989,4.9991,3.1070,
408,47,57,13,18,0,0,auto,AM,3.87,1,3.7600,3.8269,2.3784,
409,47,63,13,19,0,0,auto,AM,1.22,1,7.0260,10.7886,6.7051,
410,47,64,13,20,0,0,auto,AM,2.63,1,5.6040,8.4720,5.2654,
411,47,65,13,21,0,0,auto,AM,10.98,1,5.3771,8.1557,5.0688,
412,47,66,13,22,0,0,auto,AM,15.72,1,4.1136,5.9616,3.7052,
413,47,67,13,23,0,0,auto,AM,1.75,1,4.5790,5.6455,3.5087,
414,47,72,13,24,0,0,auto,AM,0.14,1,9.4867,13.8871,8.6309,
415,47,73,13,25,0,0,auto,AM,1.29,1,7.3915,12.0659,7.4990,
416,47,74,13,26,0,0,auto,AM,2.09,1,6.9638,10.6127,6.5959,
417,47,75,13,27,0,0,auto,AM,3.97,1,8.3681,11.3091,7.0286,
418,47,76,13,28,0,0,auto,AM,1.64,1,5.9944,8.8501,5.5004,
419,47,77,13,29,0,0,auto,AM,0.35,1,5.8012,9.2201,5.7303,
420,47,85,13,30,0,0,auto,AM,0.24,1,7.9621,11.6787,7.2584,
421,53,22,14,0,0,0,auto,AM,0.09,1,6.4647,8.2279,5.1137,
422,53,24,14,1,0,0,auto,AM,0.93,1,7.2919,11.1996,6.9606,
423,53,25,14,2,0,0,auto,AM,4.25,1,7.9064,12.2682,7.6247,
424,53,26,14,3,0,0,auto,AM,0.39,1,8.0278,13.2460,8.2324,
425,53,33,14,4,0,0,auto,AM,1.73,1,4.4214,5.5376,3.4416,
426,53,34,14,5,0,0,auto,AM,1.25,1,5.9176,8.8969,5.5294,
427,53,35,14,6,0,0,auto,AM,6.49,1,7.4113,11.7732,7.3171,
428,53,36,14,7,0,0,auto,AM,4.30,1,9.7325,14.3573,8.9231,
429,53,37,14,8,0,0,auto,AM,0.29,1,9.9608,16.1958,10.0658,
430,53,43,14,9,0,0,auto,AM,2.19,1,3.9583,4.5112,2.8037,
431,53,44,14,10,0,0,auto,AM,2.44,1,5.3695,6.7005,4.1644,
432,53,45,14,11,0,0,auto,AM,9.40,1,6.7052,8.1493,5.0648,
433,53,46,14,12,0,0,auto,AM,1.21,1,7.3249,10.4077,6.4684,
434,53,47,14,13,0,0,auto,AM,1.72,1,7.7205,11.6390,7.2337,
435,53,54,14,15,0,0,auto,AM,6.48,1,3.0712,4.0206,2.4988,
436,53,55,14,16,0,0,auto,AM,21.74,1,4.8352,6.6808,4.1521,
437,53,56,14,17,0,0,auto,AM,1.66,1,6.5072,9.0247,5.6089,
438,53,57,14,18,0,0,auto,AM,0.44,1,9.3556,12.4992,7.7683,
439,53,63,14,19,0,0,auto,AM,0.94,1,5.3892,5.1553,3.2040,
440,53,64,14,20,0,0,auto,AM,1.36,1,4.7796,6.2817,3.9041,
441,53,65,14,21,0,0,auto,AM,3.48,1,6.0673,7.8400,4.8726,
442,53,66,14,22,0,0,auto,AM,3.15,1,6.3047,9.1907,5.7120,
443,53,67,14,23,0,0,auto,AM,0.25,1,8.3280,11.9602,7.4333,
444,53,72,14,24,0,0,auto,AM,0.11,1,7.8500,8.2538,5.1298,
445,53,73,14,25,0,0,auto,AM,0.86,1,5.7547,6.4327,3.9979,
446,53,74,14,26,0,0,auto,AM,1.02,1,7.6539,10.2970,6.3996,
447,53,75,14,27,0,0,auto,AM,1.32,1,9.1207,11.2738,7.0067,
448,53,76,14,28,0,0,auto,AM,0.37,1,7.7703,11.0183,6.8479,
449,53,77,14,29,0,0,auto,AM,0.06,1,7.9923,12.4491,7.7372,
450,53,85,14,30,0,0,auto,AM,0.08,1,8.6523,11.3630,7.0622,
451,54,22,15,0,0,0,auto,AM,0.38,1,5.4312,7.2793,4.5241,
452,54,24,15,1,0,0,auto,AM,4.69,1,4.2208,7.1790,4.4618,
453,54,25,15,2,0,0,auto,AM,23.47,1,4.8352,8.2476,5.1259,
454,54,26,15,3,0,0,auto,AM,2.29,1,4.9566,9.2254,5.7336,
455,54,33,15,4,0,0,auto,AM,7.60,1,3.3879,4.5890,2.8521,
456,54,34,15,5,0,0,auto,AM,6.48,1,2.8465,4.8763,3.0306,
457,54,35,15,6,0,0,auto,AM,37.46,1,4.3401,7.7526,4.8183,
458,54,36,15,7,0,0,auto,AM,26.00,1,6.6613,10.3367,6.4243,
459,54,37,15,8,0,0,auto,AM,1.77,1,6.8896,12.1752,7.5670,
460,54,43,15,9,0,0,auto,AM,9.06,1,2.9248,3.5626,2.2141,
461,54,44,15,10,0,0,auto,AM,13.42,1,2.2983,2.6799,1.6656,
462,54,45,15,11,0,0,auto,AM,57.59,1,3.6340,4.1287,2.5660,
463,54,46,15,12,0,0,auto,AM,7.55,1,4.2538,6.3871,3.9696,
464,54,47,15,13,0,0,auto,AM,10.78,1,4.6493,7.6185,4.7349,
465,54,53,15,14,0,0,auto,AM,5.62,1,3.0712,4.0206,2.4988,
466,54,55,15,16,0,0,auto,AM,138.48,1,1.7640,2.6602,1.6533,
467,54,56,15,17,0,0,auto,AM,10.53,1,3.4361,5.0041,3.1101,
468,54,57,15,18,0,0,auto,AM,2.78,1,6.2844,8.4786,5.2695,
469,54,63,15,19,0,0,auto,AM,3.88,1,2.4541,3.2153,1.9983,
470,54,64,15,20,0,0,auto,AM,7.45,1,1.7084,2.2611,1.4053,
471,54,65,15,21,0,0,auto,AM,21.35,1,2.9961,3.8194,2.3738,
472,54,66,15,22,0,0,auto,AM,19.64,1,3.2335,5.1701,3.2132,
473,54,67,15,23,0,0,auto,AM,1.54,1,5.2568,7.9396,4.9345,
474,54,72,15,24,0,0,auto,AM,0.45,1,4.9148,6.3138,3.9241,
475,54,73,15,25,0,0,auto,AM,3.80,1,2.8196,4.4927,2.7922,
476,54,74,15,26,0,0,auto,AM,5.30,1,4.5827,6.2765,3.9008,
477,54,75,15,27,0,0,auto,AM,7.60,1,6.0495,7.2532,4.5079,
478,54,76,15,28,0,0,auto,AM,2.24,1,4.6991,6.9977,4.3491,
479,54,77,15,29,0,0,auto,AM,0.35,1,4.9211,8.4285,5.2384,
480,54,85,15,30,0,0,auto,AM,0.44,1,5.5811,7.3424,4.5634,
481,55,22,16,0,0,0,auto,AM,1.70,1,6.9720,9.5616,5.9426,
482,55,24,16,1,0,0,auto,AM,24.09,1,4.6433,7.5304,4.6802,
483,55,25,16,2,0,0,auto,AM,135.06,1,5.2578,8.5990,5.3443,
484,55,26,16,3,0,0,auto,AM,14.45,1,5.3792,9.5768,5.9520,
485,55,33,16,4,0,0,auto,AM,34.14,1,4.9287,6.8713,4.2705,
486,55,34,16,5,0,0,auto,AM,32.48,1,3.2691,5.2277,3.2490,
487,55,35,16,6,0,0,auto,AM,221.15,1,4.0209,4.5838,2.8489,
488,55,36,16,7,0,0,auto,AM,171.26,1,5.5088,6.5768,4.0875,
489,55,37,16,8,0,0,auto,AM,12.19,1,5.7371,8.4153,5.2301,
490,55,43,16,9,0,0,auto,AM,38.35,1,4.4656,5.8448,3.6326,
491,55,44,16,10,0,0,auto,AM,63.35,1,3.5572,4.4924,2.7920,
492,55,45,16,11,0,0,auto,AM,360.82,1,2.4171,2.4760,1.5388,
493,55,46,16,12,0,0,auto,AM,52.80,1,2.9498,4.2204,2.6230,
494,55,47,16,13,0,0,auto,AM,76.70,1,3.3454,5.4518,3.3883,
495,55,53,16,14,0,0,auto,AM,22.90,1,4.7174,6.3316,3.9351,
496,55,54,16,15,0,0,auto,AM,168.23,1,1.6462,2.3110,1.4363,
497,55,56,16,17,0,0,auto,AM,76.47,1,2.1321,2.8374,1.7635,
498,55,57,16,18,0,0,auto,AM,20.04,1,4.9805,6.3119,3.9229,
499,55,63,16,19,0,0,auto,AM,16.43,1,4.1003,5.5263,3.4346,
500,55,64,16,20,0,0,auto,AM,35.19,1,2.7119,3.4991,2.1747,
501,55,65,16,21,0,0,auto,AM,133.79,1,2.4850,3.1829,1.9782,
502,55,66,16,22,0,0,auto,AM,137.26,1,1.9296,3.0034,1.8666,
503,55,67,16,23,0,0,auto,AM,10.96,1,3.9529,5.7729,3.5879,
504,55,72,16,24,0,0,auto,AM,1.92,1,6.5610,8.6248,5.3604,
505,55,73,16,25,0,0,auto,AM,17.07,1,4.4658,6.8037,4.2285,
506,55,74,16,26,0,0,auto,AM,26.57,1,4.0716,5.6399,3.5052,
507,55,75,16,27,0,0,auto,AM,44.87,1,5.5384,6.6167,4.1123,
508,55,76,16,28,0,0,auto,AM,14.76,1,3.8104,5.8918,3.6618,
509,55,77,16,29,0,0,auto,AM,2.44,1,3.6172,6.2618,3.8917,
510,55,85,16,30,0,0,auto,AM,2.55,1,5.0700,6.7059,4.1677,
511,56,22,17,0,0,0,auto,AM,0.11,1,8.6777,12.1950,7.5792,
512,56,24,17,1,0,0,auto,AM,1.65,1,6.3490,10.1638,6.3168,
513,56,25,17,2,0,0,auto,AM,10.11,1,6.9634,11.2324,6.9810,
514,56,26,17,3,0,0,auto,AM,1.21,1,7.0848,12.2101,7.5887,
515,56,33,17,4,0,0,auto,AM,2.13,1,6.6344,9.5046,5.9072,
516,56,34,17,5,0,0,auto,AM,2.12,1,4.9747,7.8611,4.8857,
517,56,35,17,6,0,0,auto,AM,16.13,1,5.0388,5.6288,3.4983,
518,56,36,17,7,0,0,auto,AM,14.72,1,5.8624,6.1242,3.8062,
519,56,37,17,8,0,0,auto,AM,1.17,1,6.0906,7.9627,4.9488,
520,56,43,17,9,0,0,auto,AM,2.32,1,6.1713,8.4782,5.2692,
521,56,44,17,10,0,0,auto,AM,3.90,1,5.2628,7.1258,4.4287,
522,56,45,17,11,0,0,auto,AM,24.81,1,4.1314,4.7109,2.9278,
523,56,46,17,12,0,0,auto,AM,4.82,1,3.3034,3.7678,2.3417,
524,56,47,17,13,0,0,auto,AM,7.80,1,3.6989,4.9992,3.1070,
525,56,53,17,14,0,0,auto,AM,1.37,1,6.4230,8.9649,5.5717,
526,56,54,17,15,0,0,auto,AM,9.98,1,3.3518,4.9444,3.0729,
527,56,55,17,16,0,0,auto,AM,59.65,1,2.1321,2.8374,1.7635,
528,56,57,17,18,0,0,auto,AM,2.12,1,4.3709,4.4695,2.7778,
529,56,63,17,19,0,0,auto,AM,0.99,1,5.8059,8.1597,5.0713,
530,56,64,17,20,0,0,auto,AM,2.17,1,4.3839,5.8431,3.6315,
531,56,65,17,21,0,0,auto,AM,9.20,1,4.1570,5.5268,3.4349,
532,56,66,17,22,0,0,auto,AM,12.52,1,1.6987,2.2112,1.3743,
533,56,67,17,23,0,0,auto,AM,1.11,1,2.7955,3.7197,2.3118,
534,56,72,17,24,0,0,auto,AM,0.12,1,8.2667,11.2582,6.9970,
535,56,73,17,25,0,0,auto,AM,1.07,1,6.1714,9.4370,5.8652,
536,56,74,17,26,0,0,auto,AM,1.74,1,5.7437,7.9838,4.9620,
537,56,75,17,27,0,0,auto,AM,3.27,1,5.9533,7.5586,4.6977,
538,56,76,17,28,0,0,auto,AM,1.27,1,3.5795,5.0997,3.1695,
539,56,77,17,29,0,0,auto,AM,0.23,1,3.3863,5.4696,3.3994,
540,56,85,17,30,0,0,auto,AM,0.19,1,6.2284,7.9075,4.9145,
541,57,22,18,0,0,0,auto,AM,0.03,1,11.5328,15.6840,9.7477,
542,57,24,18,1,0,0,auto,AM,0.56,1,9.2041,13.6529,8.4853,
543,57,25,18,2,0,0,auto,AM,3.64,1,8.6206,9.5843,5.9567,
544,57,26,18,3,0,0,auto,AM,0.48,1,8.4220,9.0538,5.6270,
545,57,33,18,4,0,0,auto,AM,0.69,1,9.4895,12.9937,8.0756,
546,57,34,18,5,0,0,auto,AM,0.70,1,7.8298,11.3501,7.0542,
547,57,35,18,6,0,0,auto,AM,5.57,1,6.6523,7.1929,4.4704,
548,57,36,18,7,0,0,auto,AM,5.67,1,7.0974,7.2824,4.5260,
549,57,37,18,8,0,0,auto,AM,0.53,1,7.3257,9.1209,5.6687,
550,57,43,18,9,0,0,auto,AM,0.74,1,9.0264,11.9672,7.4377,
551,57,44,18,10,0,0,auto,AM,1.25,1,8.1179,10.6148,6.5972,
552,57,45,18,11,0,0,auto,AM,8.06,1,5.9773,6.2338,3.8743,
553,57,46,18,12,0,0,auto,AM,1.75,1,4.1616,4.0876,2.5405,
554,57,47,18,13,0,0,auto,AM,3.75,1,3.7600,3.8269,2.3784,
555,57,53,18,14,0,0,auto,AM,0.43,1,9.2782,12.4540,7.7402,
556,57,54,18,15,0,0,auto,AM,3.14,1,6.2070,8.4334,5.2414,
557,57,55,18,16,0,0,auto,AM,18.66,1,4.9872,6.3265,3.9319,
558,57,56,18,17,0,0,auto,AM,2.53,1,4.3709,4.4695,2.7778,
559,57,63,18,19,0,0,auto,AM,0.32,1,8.6611,11.6487,7.2397,
560,57,64,18,20,0,0,auto,AM,0.69,1,7.2391,9.3321,5.8000,
561,57,65,18,21,0,0,auto,AM,2.99,1,7.0122,9.0159,5.6034,
562,57,66,18,22,0,0,auto,AM,4.54,1,5.0949,5.8966,3.6648,
563,57,67,18,23,0,0,auto,AM,0.54,1,4.5946,4.2041,2.6128,
564,57,72,18,24,0,0,auto,AM,0.04,1,11.1218,14.7473,9.1655,
565,57,73,18,25,0,0,auto,AM,0.35,1,9.0266,12.9261,8.0336,
566,57,74,18,26,0,0,auto,AM,0.57,1,8.5988,11.4729,7.1305,
567,57,75,18,27,0,0,auto,AM,1.13,1,9.3495,11.2440,6.9882,
568,57,76,18,28,0,0,auto,AM,0.49,1,6.9757,8.7851,5.4599,
569,57,77,18,29,0,0,auto,AM,0.11,1,6.7826,9.1550,5.6899,
570,57,85,18,30,0,0,auto,AM,0.07,1,9.5972,12.5389,7.7930,
571,63,22,19,0,0,0,auto,AM,0.06,1,7.8125,10.3384,6.4254,
572,63,24,19,1,0,0,auto,AM,0.59,1,6.6748,10.3944,6.4601,
573,63,25,19,2,0,0,auto,AM,2.79,1,7.2893,11.4630,7.1243,
574,63,26,19,3,0,0,auto,AM,0.27,1,7.4107,12.4407,7.7320,
575,63,33,19,4,0,0,auto,AM,1.08,1,5.7692,7.6481,4.7533,
576,63,34,19,5,0,0,auto,AM,0.80,1,5.3006,8.0916,5.0290,
577,63,35,19,6,0,0,auto,AM,4.36,1,6.7942,10.9680,6.8166,
578,63,36,19,7,0,0,auto,AM,2.99,1,9.1154,13.5521,8.4227,
579,63,37,19,8,0,0,auto,AM,0.21,1,9.3437,15.3906,9.5653,
580,63,43,19,9,0,0,auto,AM,1.36,1,5.3061,6.6217,4.1154,
581,63,44,19,10,0,0,auto,AM,1.61,1,4.7524,5.8953,3.6639,
582,63,45,19,11,0,0,auto,AM,6.59,1,6.0881,7.3440,4.5644,
583,63,46,19,12,0,0,auto,AM,0.88,1,6.7078,9.6025,5.9680,
584,63,47,19,13,0,0,auto,AM,1.27,1,7.1034,10.8338,6.7332,
585,63,53,19,14,0,0,auto,AM,0.99,1,5.3892,5.1553,3.2040,
586,63,54,19,15,0,0,auto,AM,4.70,1,2.4541,3.2153,1.9983,
587,63,55,19,16,0,0,auto,AM,16.39,1,4.2181,5.8755,3.6517,
588,63,56,19,17,0,0,auto,AM,1.27,1,5.8901,8.2194,5.1084,
589,63,57,19,18,0,0,auto,AM,0.34,1,8.7385,11.6939,7.2678,
590,63,64,19,20,0,0,auto,AM,1.16,1,2.4524,3.4965,2.1731,
591,63,65,19,21,0,0,auto,AM,2.87,1,5.4502,7.0347,4.3721,
592,63,66,19,22,0,0,auto,AM,2.55,1,5.6876,8.3854,5.2116,
593,63,67,19,23,0,0,auto,AM,0.20,1,7.7109,11.1550,6.9329,
594,63,72,19,24,0,0,auto,AM,0.11,1,2.9647,3.4998,2.1752,
595,63,73,19,25,0,0,auto,AM,0.86,1,0.8694,1.6787,1.0433,
596,63,74,19,26,0,0,auto,AM,0.96,1,6.7729,8.0371,4.9951,
597,63,75,19,27,0,0,auto,AM,1.16,1,8.5036,10.4685,6.5062,
598,63,76,19,28,0,0,auto,AM,0.32,1,7.1532,10.2130,6.3474,
599,63,77,19,29,0,0,auto,AM,0.05,1,7.3752,11.6439,7.2367,
600,63,85,19,30,0,0,auto,AM,0.07,1,8.0352,10.5578,6.5617,
601,64,22,20,0,0,0,auto,AM,0.07,1,7.1482,9.7043,6.0312,
602,64,24,20,1,0,0,auto,AM,0.85,1,5.2542,8.4472,5.2500,
603,64,25,20,2,0,0,auto,AM,4.34,1,5.8686,9.5158,5.9141,
604,64,26,20,3,0,0,auto,AM,0.44,1,5.9900,10.4936,6.5218,
605,64,33,20,4,0,0,auto,AM,1.42,1,5.1049,7.0139,4.3592,
606,64,34,20,5,0,0,auto,AM,1.18,1,3.8799,6.1445,3.8188,
607,64,35,20,6,0,0,auto,AM,6.99,1,5.3736,9.0208,5.6065,
608,64,36,20,7,0,0,auto,AM,5.07,1,7.6424,9.4846,5.8947,
609,64,37,20,8,0,0,auto,AM,0.36,1,7.8707,11.3231,7.0374,
610,64,43,20,9,0,0,auto,AM,1.74,1,4.6418,5.9875,3.7212,
611,64,44,20,10,0,0,auto,AM,2.43,1,3.7333,4.6351,2.8807,
612,64,45,20,11,0,0,auto,AM,11.06,1,4.5057,5.0671,3.1492,
613,64,46,20,12,0,0,auto,AM,1.54,1,5.0834,7.1283,4.4303,
614,64,47,20,13,0,0,auto,AM,2.27,1,5.4790,8.3596,5.1955,
615,64,53,20,14,0,0,auto,AM,1.18,1,4.8731,6.4021,3.9789,
616,64,54,20,15,0,0,auto,AM,7.50,1,1.8019,2.3815,1.4801,
617,64,55,20,16,0,0,auto,AM,29.17,1,2.5937,3.4013,2.1139,
618,64,56,20,17,0,0,auto,AM,2.30,1,4.2657,5.7453,3.5707,
619,64,57,20,18,0,0,auto,AM,0.62,1,7.1141,9.2198,5.7301,
620,64,63,20,19,0,0,auto,AM,0.97,1,2.4524,3.4965,2.1731,
621,64,65,20,21,0,0,auto,AM,5.31,1,3.6450,4.2758,2.6574,
622,64,66,20,22,0,0,auto,AM,4.70,1,4.0632,5.9113,3.6739,
623,64,67,20,23,0,0,auto,AM,0.36,1,6.0865,8.6808,5.3951,
624,64,72,20,24,0,0,auto,AM,0.12,1,3.9715,4.7769,2.9689,
625,64,73,20,25,0,0,auto,AM,1.04,1,1.8763,2.9557,1.8370,
626,64,74,20,26,0,0,auto,AM,1.54,1,4.3205,4.5406,2.8220,
627,64,75,20,27,0,0,auto,AM,2.07,1,6.6985,7.7096,4.7915,
628,64,76,20,28,0,0,auto,AM,0.58,1,5.3481,7.4541,4.6327,
629,64,77,20,29,0,0,auto,AM,0.09,1,5.7508,9.1697,5.6990,
630,64,85,20,30,0,0,auto,AM,0.12,1,6.1018,6.4464,4.0064,
631,65,22,21,0,0,0,auto,AM,0.18,1,8.3892,11.1398,6.9234,
632,65,24,21,1,0,0,auto,AM,2.45,1,6.0605,9.1086,5.6611,
633,65,25,21,2,0,0,auto,AM,13.54,1,6.6749,10.1772,6.3252,
634,65,26,21,3,0,0,auto,AM,1.47,1,6.7963,11.1550,6.9329,
635,65,33,21,4,0,0,auto,AM,3.66,1,6.3459,8.4495,5.2514,
636,65,34,21,5,0,0,auto,AM,3.33,1,4.6862,6.8059,4.2299,
637,65,35,21,6,0,0,auto,AM,22.11,1,6.1799,9.6822,6.0175,
638,65,36,21,7,0,0,auto,AM,17.57,1,7.5141,9.2371,5.7409,
639,65,37,21,8,0,0,auto,AM,1.31,1,7.7423,11.0756,6.8835,
640,65,43,21,9,0,0,auto,AM,4.29,1,5.8828,7.4230,4.6134,
641,65,44,21,10,0,0,auto,AM,6.68,1,4.9743,6.0706,3.7729,
642,65,45,21,11,0,0,auto,AM,35.87,1,4.2740,4.7394,2.9455,
643,65,46,21,12,0,0,auto,AM,5.57,1,4.9550,6.8808,4.2764,
644,65,47,21,13,0,0,auto,AM,8.59,1,5.3506,8.1121,5.0417,
645,65,53,21,14,0,0,auto,AM,2.76,1,6.1345,7.9098,4.9160,
646,65,54,21,15,0,0,auto,AM,19.47,1,3.0633,3.8892,2.4171,
647,65,55,21,16,0,0,auto,AM,100.43,1,2.4653,3.1538,1.9601,
648,65,56,21,17,0,0,auto,AM,8.85,1,4.1373,5.4977,3.4169,
649,65,57,21,18,0,0,auto,AM,2.41,1,6.9857,8.9722,5.5763,
650,65,63,21,19,0,0,auto,AM,2.16,1,5.5174,7.1045,4.4155,
651,65,64,21,20,0,0,auto,AM,4.81,1,3.6452,4.2759,2.6575,
652,65,66,21,22,0,0,auto,AM,18.75,1,3.6183,4.8314,3.0027,
653,65,67,21,23,0,0,auto,AM,1.44,1,5.9581,8.4333,5.2413,
654,65,72,21,24,0,0,auto,AM,0.26,1,7.6167,9.0528,5.6264,
655,65,73,21,25,0,0,auto,AM,2.41,1,5.5215,7.2317,4.4945,
656,65,74,21,26,0,0,auto,AM,3.98,1,3.8035,4.7118,2.9284,
657,65,75,21,27,0,0,auto,AM,7.14,1,3.1853,3.5398,2.2000,
658,65,76,21,28,0,0,auto,AM,2.21,1,1.8349,3.2843,2.0412,
659,65,77,21,29,0,0,auto,AM,0.34,1,3.9759,6.6752,4.1487,
660,65,85,21,30,0,0,auto,AM,0.40,1,3.4604,3.8887,2.4168,
661,66,22,22,0,0,0,auto,AM,0.19,1,8.4752,12.3609,7.6824,
662,66,24,22,1,0,0,auto,AM,2.76,1,6.1465,10.3298,6.4200,
663,66,25,22,2,0,0,auto,AM,16.44,1,6.7609,11.3984,7.0841,
664,66,26,22,3,0,0,auto,AM,1.94,1,6.8823,12.3761,7.6918,
665,66,33,22,4,0,0,auto,AM,3.79,1,6.4319,9.6706,6.0103,
666,66,34,22,5,0,0,auto,AM,3.64,1,4.7722,8.0270,4.9888,
667,66,35,22,6,0,0,auto,AM,26.48,1,5.4535,6.5913,4.0965,
668,66,36,22,7,0,0,auto,AM,23.55,1,6.2770,7.0867,4.4044,
669,66,37,22,8,0,0,auto,AM,1.92,1,6.5053,8.9252,5.5470,
670,66,43,22,9,0,0,auto,AM,4.29,1,5.9688,8.6442,5.3724,
671,66,44,22,10,0,0,auto,AM,6.99,1,5.0603,7.2918,4.5319,
672,66,45,22,11,0,0,auto,AM,41.88,1,4.1489,5.3737,3.3398,
673,66,46,22,12,0,0,auto,AM,7.66,1,3.7180,4.7303,2.9399,
674,66,47,22,13,0,0,auto,AM,13.18,1,4.1136,5.9616,3.7052,
675,66,53,22,14,0,0,auto,AM,2.67,1,6.2205,9.1309,5.6749,
676,66,54,22,15,0,0,auto,AM,19.21,1,3.1493,5.1103,3.1761,
677,66,55,22,16,0,0,auto,AM,110.49,1,1.9296,3.0034,1.8666,
678,66,56,22,17,0,0,auto,AM,12.92,1,1.6987,2.2112,1.3743,
679,66,57,22,18,0,0,auto,AM,3.93,1,5.0949,5.8966,3.6648,
680,66,63,22,19,0,0,auto,AM,2.06,1,5.6034,8.3257,5.1744,
681,66,64,22,20,0,0,auto,AM,4.56,1,4.1814,6.0090,3.7346,
682,66,65,22,21,0,0,auto,AM,20.11,1,3.6183,4.8314,3.0027,
683,66,67,22,23,0,0,auto,AM,2.44,1,3.5195,5.1468,3.1987,
684,66,72,22,24,0,0,auto,AM,0.25,1,8.0642,11.4242,7.1002,
685,66,73,22,25,0,0,auto,AM,2.33,1,5.9689,9.6030,5.9683,
686,66,74,22,26,0,0,auto,AM,3.93,1,5.5412,8.1498,5.0652,
687,66,75,22,27,0,0,auto,AM,7.85,1,4.2545,5.3474,3.3234,
688,66,76,22,28,0,0,auto,AM,3.23,1,1.8808,2.8884,1.7952,
689,66,77,22,29,0,0,auto,AM,0.56,1,1.6876,3.2584,2.0251,
690,66,85,22,30,0,0,auto,AM,0.47,1,4.5296,5.6963,3.5402,
691,67,22,23,0,0,0,auto,AM,0.02,1,10.4984,15.1305,9.4037,
692,67,24,23,1,0,0,auto,AM,0.29,1,8.1698,13.0993,8.1413,
693,67,25,23,2,0,0,auto,AM,1.84,1,8.7842,14.1679,8.8054,
694,67,26,23,3,0,0,auto,AM,0.23,1,8.9056,15.1457,9.4131,
695,67,33,23,4,0,0,auto,AM,0.38,1,8.4551,12.4401,7.7316,
696,67,34,23,5,0,0,auto,AM,0.37,1,6.7955,10.7966,6.7101,
697,67,35,23,6,0,0,auto,AM,2.87,1,6.8596,8.5643,5.3228,
698,67,36,23,7,0,0,auto,AM,2.80,1,7.6831,9.0597,5.6306,
699,67,37,23,8,0,0,auto,AM,0.26,1,7.9114,10.8982,6.7733,
700,67,43,23,9,0,0,auto,AM,0.42,1,7.9920,11.4137,7.0937,
701,67,44,23,10,0,0,auto,AM,0.69,1,7.0836,10.0613,6.2531,
702,67,45,23,11,0,0,auto,AM,4.35,1,5.9521,7.6464,4.7523,
703,67,46,23,12,0,0,auto,AM,0.89,1,4.9806,5.9063,3.6708,
704,67,47,23,13,0,0,auto,AM,1.80,1,4.5790,5.6455,3.5087,
705,67,53,23,14,0,0,auto,AM,0.26,1,8.2438,11.9005,7.3962,
706,67,54,23,15,0,0,auto,AM,1.85,1,5.1726,7.8799,4.8974,
707,67,55,23,16,0,0,auto,AM,10.82,1,3.9529,5.7729,3.5879,
708,67,56,23,17,0,0,auto,AM,1.41,1,2.7955,3.7197,2.3118,
709,67,57,23,18,0,0,auto,AM,0.57,1,4.5946,4.2041,2.6128,
710,67,63,23,19,0,0,auto,AM,0.20,1,7.6267,11.0952,6.8957,
711,67,64,23,20,0,0,auto,AM,0.43,1,6.2047,8.7786,5.4559,
712,67,65,23,21,0,0,auto,AM,1.89,1,5.9778,8.4623,5.2594,
713,67,66,23,22,0,0,auto,AM,2.99,1,3.5195,5.1468,3.1987,
714,67,72,23,24,0,0,auto,AM,0.02,1,10.0874,14.1937,8.8215,
715,67,73,23,25,0,0,auto,AM,0.22,1,7.9922,12.3726,7.6896,
716,67,74,23,26,0,0,auto,AM,0.38,1,7.5645,10.9194,6.7864,
717,67,75,23,27,0,0,auto,AM,0.77,1,7.7740,10.4942,6.5222,
718,67,76,23,28,0,0,auto,AM,0.35,1,5.4003,8.0352,4.9939,
719,67,77,23,29,0,0,auto,AM,0.08,1,5.2071,8.4052,5.2239,
720,67,85,23,30,0,0,auto,AM,0.05,1,8.0491,10.8430,6.7390,
721,72,22,24,0,0,0,auto,AM,0.01,1,10.2733,13.4369,8.3511,
722,72,24,24,1,0,0,auto,AM,0.10,1,9.1356,13.4929,8.3859,
723,72,25,24,2,0,0,auto,AM,0.46,1,9.7500,14.5615,9.0500,
724,72,26,24,3,0,0,auto,AM,0.04,1,9.8714,15.5392,9.6577,
725,72,33,24,4,0,0,auto,AM,0.19,1,8.2300,10.7466,6.6791,
726,72,34,24,5,0,0,auto,AM,0.14,1,7.7613,11.1901,6.9547,
727,72,35,24,6,0,0,auto,AM,0.72,1,9.2550,14.0665,8.7424,
728,72,36,24,7,0,0,auto,AM,0.49,1,11.5761,16.6506,10.3484,
729,72,37,24,8,0,0,auto,AM,0.03,1,11.8044,18.4891,11.4910,
730,72,43,24,9,0,0,auto,AM,0.24,1,7.7669,9.7202,6.0411,
731,72,44,24,10,0,0,auto,AM,0.27,1,7.2131,8.9938,5.5897,
732,72,45,24,11,0,0,auto,AM,1.08,1,8.4772,9.8439,6.1180,
733,72,46,24,12,0,0,auto,AM,0.14,1,9.0549,11.9052,7.3991,
734,72,47,24,13,0,0,auto,AM,0.21,1,9.4505,13.1365,8.1644,
735,72,53,24,14,0,0,auto,AM,0.17,1,7.8500,8.2538,5.1298,
736,72,54,24,15,0,0,auto,AM,0.76,1,4.9148,6.3138,3.9241,
737,72,55,24,16,0,0,auto,AM,2.70,1,6.5652,8.1782,5.0828,
738,72,56,24,17,0,0,auto,AM,0.21,1,8.2372,10.5221,6.5396,
739,72,57,24,18,0,0,auto,AM,0.06,1,11.0856,13.9966,8.6990,
740,72,63,24,19,0,0,auto,AM,0.15,1,2.9647,3.4998,2.1752,
741,72,64,24,20,0,0,auto,AM,0.19,1,3.9715,4.7769,2.9688,
742,72,65,24,21,0,0,auto,AM,0.49,1,7.6165,9.0527,5.6263,
743,72,66,24,22,0,0,auto,AM,0.44,1,8.0347,10.6881,6.6427,
744,72,67,24,23,0,0,auto,AM,0.03,1,10.0580,13.4577,8.3640,
745,72,73,24,25,0,0,auto,AM,0.19,1,2.0952,1.8211,1.1319,
746,72,74,24,26,0,0,auto,AM,0.18,1,8.2920,9.3175,5.7909,
747,72,75,24,27,0,0,auto,AM,0.21,1,10.6700,12.4865,7.7604,
748,72,76,24,28,0,0,auto,AM,0.06,1,9.3196,12.2309,7.6016,
749,72,77,24,29,0,0,auto,AM,0.01,1,9.7223,13.9465,8.6678,
750,72,85,24,30,0,0,auto,AM,0.01,1,10.0733,11.2232,6.9753,
751,73,22,25,0,0,0,auto,AM,0.06,1,8.1780,11.6158,7.2193,
752,73,24,25,1,0,0,auto,AM,0.64,1,7.0404,11.6717,7.2540,
753,73,25,25,2,0,0,auto,AM,3.10,1,7.6548,12.7403,7.9182,
754,73,26,25,3,0,0,auto,AM,0.30,1,7.7762,13.7181,8.5258,
755,73,33,25,4,0,0,auto,AM,1.17,1,6.1347,8.9255,5.5472,
756,73,34,25,5,0,0,auto,AM,0.88,1,5.6661,9.3690,5.8229,
757,73,35,25,6,0,0,auto,AM,4.91,1,7.1597,12.2453,7.6105,
758,73,36,25,7,0,0,auto,AM,3.47,1,9.4809,14.8294,9.2165,
759,73,37,25,8,0,0,auto,AM,0.24,1,9.7092,16.6679,10.3592,
760,73,43,25,9,0,0,auto,AM,1.47,1,5.6716,7.8990,4.9093,
761,73,44,25,10,0,0,auto,AM,1.78,1,5.1179,7.1726,4.4578,
762,73,45,25,11,0,0,auto,AM,7.60,1,6.3820,8.0228,4.9862,
763,73,46,25,12,0,0,auto,AM,1.05,1,6.9597,10.0840,6.2673,
764,73,47,25,13,0,0,auto,AM,1.55,1,7.3553,11.3153,7.0325,
765,73,53,25,14,0,0,auto,AM,1.05,1,5.7547,6.4327,3.9979,
766,73,54,25,15,0,0,auto,AM,5.34,1,2.8196,4.4927,2.7922,
767,73,55,25,16,0,0,auto,AM,19.74,1,4.4700,6.3571,3.9509,
768,73,56,25,17,0,0,auto,AM,1.58,1,6.1420,8.7010,5.4077,
769,73,57,25,18,0,0,auto,AM,0.43,1,8.9904,12.1755,7.5671,
770,73,63,25,19,0,0,auto,AM,1.00,1,0.8694,1.6787,1.0433,
771,73,64,25,20,0,0,auto,AM,1.45,1,1.8763,2.9557,1.8370,
772,73,65,25,21,0,0,auto,AM,3.72,1,5.5213,7.2315,4.4944,
773,73,66,25,22,0,0,auto,AM,3.35,1,5.9395,8.8670,5.5109,
774,73,67,25,23,0,0,auto,AM,0.26,1,7.9628,11.6365,7.2321,
775,73,72,25,24,0,0,auto,AM,0.16,1,2.0952,1.8212,1.1319,
776,73,74,25,26,0,0,auto,AM,1.41,1,6.1968,7.4964,4.6590,
777,73,75,25,27,0,0,auto,AM,1.65,1,8.5748,10.6653,6.6285,
778,73,76,25,28,0,0,auto,AM,0.44,1,7.2244,10.4098,6.4697,
779,73,77,25,29,0,0,auto,AM,0.07,1,7.6271,12.1254,7.5360,
780,73,85,25,30,0,0,auto,AM,0.11,1,7.9781,9.4021,5.8434,
781,74,22,26,0,0,0,auto,AM,0.06,1,9.9758,13.5968,8.4505,
782,74,24,26,1,0,0,auto,AM,0.74,1,7.6471,11.5657,7.1881,
783,74,25,26,2,0,0,auto,AM,3.78,1,8.2616,12.6343,7.8523,
784,74,26,26,3,0,0,auto,AM,0.39,1,8.3829,13.6120,8.4599,
785,74,33,26,4,0,0,auto,AM,1.24,1,7.9325,10.9065,6.7784,
786,74,34,26,5,0,0,auto,AM,1.02,1,6.2728,9.2629,5.7570,
787,74,35,26,6,0,0,auto,AM,6.11,1,7.7665,12.1393,7.5446,
788,74,36,26,7,0,0,auto,AM,4.56,1,9.1007,11.6941,7.2680,
789,74,37,26,8,0,0,auto,AM,0.33,1,9.3290,13.5326,8.4106,
790,74,43,26,9,0,0,auto,AM,1.53,1,7.4694,9.8801,6.1405,
791,74,44,26,10,0,0,auto,AM,2.09,1,6.5609,8.5276,5.3000,
792,74,45,26,11,0,0,auto,AM,9.75,1,5.8607,7.1964,4.4726,
793,74,46,26,12,0,0,auto,AM,1.42,1,6.5417,9.3378,5.8035,
794,74,47,26,13,0,0,auto,AM,2.16,1,6.9373,10.5691,6.5688,
795,74,53,26,14,0,0,auto,AM,1.07,1,7.7211,10.3668,6.4430,
796,74,54,26,15,0,0,auto,AM,6.42,1,4.6500,6.3462,3.9442,
797,74,55,26,16,0,0,auto,AM,26.47,1,4.0520,5.6109,3.4872,
798,74,56,26,17,0,0,auto,AM,2.22,1,5.7240,7.9548,4.9439,
799,74,57,26,18,0,0,auto,AM,0.61,1,8.5724,11.4293,7.1033,
800,74,63,26,19,0,0,auto,AM,0.96,1,6.8392,8.1082,5.0393,
801,74,64,26,20,0,0,auto,AM,1.84,1,4.3868,4.6117,2.8662,
802,74,65,26,21,0,0,auto,AM,5.28,1,3.8035,4.7118,2.9284,
803,74,66,26,22,0,0,auto,AM,4.86,1,5.5215,8.1208,5.0471,
804,74,67,26,23,0,0,auto,AM,0.38,1,7.5448,10.8903,6.7684,
805,74,72,26,24,0,0,auto,AM,0.13,1,8.3583,9.3886,5.8351,
806,74,73,26,25,0,0,auto,AM,1.22,1,6.2631,7.5674,4.7032,
807,74,75,26,27,0,0,auto,AM,2.44,1,3.9291,3.7612,2.3376,
808,74,76,26,28,0,0,auto,AM,0.65,1,4.3932,4.6839,2.9110,
809,74,77,26,29,0,0,auto,AM,0.10,1,6.5342,8.0747,5.0185,
810,74,85,26,30,0,0,auto,AM,0.16,1,3.2529,3.0897,1.9203,
811,75,22,27,0,0,0,auto,AM,0.08,1,11.4426,14.5736,9.0575,
812,75,24,27,1,0,0,auto,AM,1.05,1,9.1139,12.5424,7.7952,
813,75,25,27,2,0,0,auto,AM,5.76,1,9.7283,13.6110,8.4593,
814,75,26,27,3,0,0,auto,AM,0.63,1,9.8497,14.5888,9.0670,
815,75,33,27,4,0,0,auto,AM,1.62,1,9.3993,11.8832,7.3855,
816,75,34,27,5,0,0,auto,AM,1.44,1,7.7396,10.2397,6.3640,
817,75,35,27,6,0,0,auto,AM,9.40,1,9.2333,13.1160,8.1517,
818,75,36,27,7,0,0,auto,AM,7.57,1,10.5316,12.4341,7.7278,
819,75,37,27,8,0,0,auto,AM,0.58,1,10.7598,14.2726,8.8705,
820,75,43,27,9,0,0,auto,AM,1.95,1,8.9362,10.8568,6.7476,
821,75,44,27,10,0,0,auto,AM,2.91,1,8.0277,9.5044,5.9070,
822,75,45,27,11,0,0,auto,AM,15.22,1,7.3275,8.1732,5.0796,
823,75,46,27,12,0,0,auto,AM,2.42,1,7.9726,10.0777,6.2634,
824,75,47,27,13,0,0,auto,AM,3.90,1,8.3681,11.3090,7.0286,
825,75,53,27,14,0,0,auto,AM,1.31,1,9.1879,11.3436,7.0501,
826,75,54,27,15,0,0,auto,AM,8.72,1,6.1168,7.3230,4.5513,
827,75,55,27,16,0,0,auto,AM,42.37,1,5.5187,6.5876,4.0942,
828,75,56,27,17,0,0,auto,AM,3.96,1,5.9533,7.5586,4.6977,
829,75,57,27,18,0,0,auto,AM,1.15,1,9.3495,11.2440,6.9882,
830,75,63,27,19,0,0,auto,AM,1.10,1,8.5708,10.5383,6.5496,
831,75,64,27,20,0,0,auto,AM,2.36,1,6.6986,7.7097,4.7916,
832,75,65,27,21,0,0,auto,AM,8.98,1,3.1853,3.5398,2.2000,
833,75,66,27,22,0,0,auto,AM,9.21,1,4.2545,5.3474,3.3234,
834,75,67,27,23,0,0,auto,AM,0.74,1,7.7740,10.4942,6.5222,
835,75,72,27,24,0,0,auto,AM,0.14,1,10.6701,12.4866,7.7605,
836,75,73,27,25,0,0,auto,AM,1.34,1,8.5749,10.6655,6.6286,
837,75,74,27,26,0,0,auto,AM,2.31,1,3.9291,3.7612,2.3376,
838,75,76,27,28,0,0,auto,AM,1.28,1,2.3738,2.4590,1.5283,
839,75,77,27,29,0,0,auto,AM,0.19,1,4.5148,5.8498,3.6357,
840,75,85,27,30,0,0,auto,AM,0.27,1,2.1847,1.8852,1.1716,
841,76,22,28,0,0,0,auto,AM,0.03,1,10.0922,14.3181,8.8987,
842,76,24,28,1,0,0,auto,AM,0.35,1,7.7635,12.2869,7.6364,
843,76,25,28,2,0,0,auto,AM,2.06,1,8.3779,13.3555,8.3005,
844,76,26,28,3,0,0,auto,AM,0.24,1,8.4993,14.3333,8.9082,
845,76,33,28,4,0,0,auto,AM,0.51,1,8.0489,11.6277,7.2267,
846,76,34,28,5,0,0,auto,AM,0.47,1,6.3892,9.9842,6.2052,
847,76,35,28,6,0,0,auto,AM,3.34,1,7.3343,9.4797,5.8917,
848,76,36,28,7,0,0,auto,AM,2.93,1,8.1578,9.9751,6.1996,
849,76,37,28,8,0,0,auto,AM,0.24,1,8.3861,11.8136,7.3422,
850,76,43,28,9,0,0,auto,AM,0.59,1,7.5858,10.6013,6.5887,
851,76,44,28,10,0,0,auto,AM,0.93,1,6.6773,9.2489,5.7482,
852,76,45,28,11,0,0,auto,AM,5.33,1,5.9771,7.9176,4.9208,
853,76,46,28,12,0,0,auto,AM,0.95,1,5.5988,7.6188,4.7351,
854,76,47,28,13,0,0,auto,AM,1.68,1,5.9944,8.8501,5.5004,
855,76,53,28,14,0,0,auto,AM,0.38,1,7.8375,11.0880,6.8913,
856,76,54,28,15,0,0,auto,AM,2.67,1,4.7664,7.0675,4.3925,
857,76,55,28,16,0,0,auto,AM,14.46,1,3.8104,5.8918,3.6618,
858,76,56,28,17,0,0,auto,AM,1.59,1,3.5795,5.0997,3.1695,
859,76,57,28,18,0,0,auto,AM,0.51,1,6.9757,8.7850,5.4599,
860,76,63,28,19,0,0,auto,AM,0.31,1,7.2205,10.2828,6.3908,
861,76,64,28,20,0,0,auto,AM,0.68,1,5.3482,7.4542,4.6328,
862,76,65,28,21,0,0,auto,AM,2.89,1,1.8349,3.2843,2.0412,
863,76,66,28,22,0,0,auto,AM,3.93,1,1.8808,2.8884,1.7952,
864,76,67,28,23,0,0,auto,AM,0.35,1,5.4003,8.0352,4.9939,
865,76,72,28,24,0,0,auto,AM,0.04,1,9.3197,12.2311,7.6017,
866,76,73,28,25,0,0,auto,AM,0.38,1,7.2245,10.4099,6.4698,
867,76,74,28,26,0,0,auto,AM,0.64,1,4.3932,4.6839,2.9110,
868,76,75,28,27,0,0,auto,AM,1.33,1,2.3738,2.4590,1.5283,
869,76,77,28,29,0,0,auto,AM,0.10,1,2.1410,3.3908,2.1074,
870,76,85,28,30,0,0,auto,AM,0.09,1,2.6489,2.8078,1.7451,
871,77,22,29,0,0,0,auto,AM,0.00,1,10.1628,15.6194,9.7075,
872,77,24,29,1,0,0,auto,AM,0.07,1,7.8341,13.5882,8.4451,
873,77,25,29,2,0,0,auto,AM,0.43,1,8.4485,14.6568,9.1093,
874,77,26,29,3,0,0,auto,AM,0.05,1,8.5699,15.6346,9.7169,
875,77,33,29,4,0,0,auto,AM,0.10,1,8.1195,12.9290,8.0354,
876,77,34,29,5,0,0,auto,AM,0.09,1,6.4598,11.2855,7.0140,
877,77,35,29,6,0,0,auto,AM,0.69,1,7.1411,9.8497,6.1216,
878,77,36,29,7,0,0,auto,AM,0.65,1,7.9646,10.3451,6.4295,
879,77,37,29,8,0,0,auto,AM,0.06,1,8.1929,12.1836,7.5721,
880,77,43,29,9,0,0,auto,AM,0.11,1,7.6564,11.9026,7.3975,
881,77,44,29,10,0,0,auto,AM,0.18,1,6.7479,10.5502,6.5570,
882,77,45,29,11,0,0,auto,AM,1.06,1,5.8365,8.6322,5.3649,
883,77,46,29,12,0,0,auto,AM,0.21,1,5.4056,7.9887,4.9650,
884,77,47,29,13,0,0,auto,AM,0.41,1,5.8012,9.2201,5.7303,
885,77,53,29,14,0,0,auto,AM,0.07,1,7.9081,12.3893,7.7000,
886,77,54,29,15,0,0,auto,AM,0.49,1,4.8369,8.3688,5.2012,
887,77,55,29,16,0,0,auto,AM,2.76,1,3.6172,6.2618,3.8917,
888,77,56,29,17,0,0,auto,AM,0.34,1,3.3863,5.4696,3.3994,
889,77,57,29,18,0,0,auto,AM,0.13,1,6.7826,9.1550,5.6899,
890,77,63,29,19,0,0,auto,AM,0.05,1,7.2910,11.5841,7.1996,
891,77,64,29,20,0,0,auto,AM,0.12,1,5.8690,9.2675,5.7598,
892,77,65,29,21,0,0,auto,AM,0.52,1,3.9759,6.6752,4.1487,
893,77,66,29,22,0,0,auto,AM,0.79,1,1.6876,3.2584,2.0251,
894,77,67,29,23,0,0,auto,AM,0.09,1,5.2071,8.4052,5.2239,
895,77,72,29,24,0,0,auto,AM,0.01,1,9.7518,14.6826,9.1253,
896,77,73,29,25,0,0,auto,AM,0.07,1,7.6565,12.8614,7.9934,
897,77,74,29,26,0,0,auto,AM,0.11,1,6.5342,8.0747,5.0185,
898,77,75,29,27,0,0,auto,AM,0.23,1,4.5148,5.8498,3.6357,
899,77,76,29,28,0,0,auto,AM,0.11,1,2.1410,3.3908,2.1074,
900,77,85,29,30,0,0,auto,AM,0.02,1,4.7898,6.1987,3.8525,
901,85,22,30,0,0,0,auto,AM,0.01,1,10.9742,14.6628,9.1130,
902,85,24,30,1,0,0,auto,AM,0.07,1,8.6455,12.6317,7.8506,
903,85,25,30,2,0,0,auto,AM,0.39,1,9.2599,13.7003,8.5148,
904,85,26,30,3,0,0,auto,AM,0.04,1,9.3813,14.6780,9.1224,
905,85,33,30,4,0,0,auto,AM,0.11,1,8.9309,11.9725,7.4409,
906,85,34,30,5,0,0,auto,AM,0.10,1,7.2712,10.3289,6.4195,
907,85,35,30,6,0,0,auto,AM,0.64,1,8.7649,13.2053,8.2071,
908,85,36,30,7,0,0,auto,AM,0.52,1,10.0991,12.7601,7.9305,
909,85,37,30,8,0,0,auto,AM,0.04,1,10.3274,14.5986,9.0731,
910,85,43,30,9,0,0,auto,AM,0.14,1,8.4678,10.9460,6.8030,
911,85,44,30,10,0,0,auto,AM,0.20,1,7.5593,9.5936,5.9625,
912,85,45,30,11,0,0,auto,AM,1.04,1,6.8591,8.2624,5.1351,
913,85,46,30,12,0,0,auto,AM,0.17,1,7.5401,10.4038,6.4660,
914,85,47,30,13,0,0,auto,AM,0.28,1,7.9357,11.6351,7.2313,
915,85,53,30,14,0,0,auto,AM,0.10,1,8.7195,11.4328,7.1055,
916,85,54,30,15,0,0,auto,AM,0.61,1,5.6483,7.4122,4.6067,
917,85,55,30,16,0,0,auto,AM,2.87,1,5.0503,6.6768,4.1497,
918,85,56,30,17,0,0,auto,AM,0.28,1,6.2284,7.9075,4.9145,
919,85,57,30,18,0,0,auto,AM,0.08,1,9.5707,12.4953,7.7659,
920,85,63,30,19,0,0,auto,AM,0.08,1,8.1024,10.6275,6.6051,
921,85,64,30,20,0,0,auto,AM,0.17,1,6.1680,6.5175,4.0506,
922,85,65,30,21,0,0,auto,AM,0.61,1,3.4604,3.8887,2.4168,
923,85,66,30,22,0,0,auto,AM,0.66,1,4.5296,5.6963,3.5402,
924,85,67,30,23,0,0,auto,AM,0.06,1,8.0491,10.8430,6.7390,
925,85,72,30,24,0,0,auto,AM,0.01,1,10.1396,11.2943,7.0195,
926,85,73,30,25,0,0,auto,AM,0.11,1,8.0443,9.4732,5.8876,
927,85,74,30,26,0,0,auto,AM,0.18,1,3.2529,3.0897,1.9203,
928,85,75,30,27,0,0,auto,AM,0.33,1,2.1847,1.8852,1.1716,
929,85,76,30,28,0,0,auto,AM,0.10,1,2.6489,2.8078,1.7451,
930,85,77,30,29,0,0,auto,AM,0.02,1,4.7898,6.1987,3.8525,
