  density,   flow,      speed,      queue
  -0.00000,  28.79502,  60.00532,  -0.00000
  -0.00000,  32.15642,  60.00484,  -0.00000
  -0.00000,  36.87737,  60.00319,  -0.00000
   0.00000,  36.20168,  60.00134,  -0.00000
   0.00000,  32.90382,  60.00028,  -0.00000
   0.00000,  25.92818,  60.00029,  -0.00000
   0.00000,  17.95337,  60.00119,  -0.00000
   0.00000,  15.65003,  60.00149,  -0.00000
   0.00000,  18.25937,  60.00092,  -0.00000
   0.00000,  21.11017,  59.99986,  -0.00000
   0.00000,  21.28606,  59.99897,  -0.00000
   0.00000,  16.74856,  59.99894,  -0.00000
   0.00000,  10.13508,  59.99946,  -0.00000
   0.00000,   5.39344,  60.00032,  -0.00000
   0.00000,   6.30819,  60.00054,  -0.00000
   0.00000,  14.59023,  60.00034,  -0.00000
   0.00000,  22.11164,  59.99960,  -0.00000
   0.00000,  27.29587,  59.99918,  -0.00000
   0.00000,  34.72860,  59.99878,  -0.00000
   0.00000,  35.38803,  59.99881,  -0.00000
   0.00000,  36.97357,  59.99829,  -0.00000
   0.00000,  39.95864,  59.99747,  -0.00000
   0.00000,  40.56926,  59.99709,  -0.00000
   0.00000,  37.95259,  59.99780,  -0.00000
   0.00000,  34.26832,  59.99936,  -0.00000
   0.00000,  31.74112,  60.00114,  -0.00000
   0.00000,  33.88212,  60.00214,  -0.00000
   0.00000,  39.69508,  60.00174,  -0.00000
   0.00000,  44.95911,  60.00062,  -0.00000
   0.00000,  44.54528,  59.99976,  -0.00000
   0.00000,  36.96766,  59.99972,  -0.00000
   0.00000,  29.39413,  60.00050,  -0.00000
   0.00000,  25.23208,  60.00123,  -0.00000
   0.00000,  25.53198,  60.00201,  -0.00000
   0.00000,  31.32659,  60.00144,  -0.00000
   0.00000,  36.85184,  60.00073,  -0.00000
  -0.00000,  39.88839,  60.00022,  -0.00000
  -0.00000,  38.77426,  60.00029,  -0.00000
  -0.00000,  37.68366,  60.00027,  -0.00000
  -0.00000,  36.16003,  59.99966,  -0.00000
  -0.00000,  38.63339,  59.99862,  -0.00000
   0.00000,  40.50425,  59.99768,  -0.00000
   0.00000,  39.42852,  59.99769,  -0.00000
   0.00000,  36.52502,  59.99825,  -0.00000
   0.00000,  34.66455,  59.99895,  -0.00000
   0.00000,  36.48627,  59.99888,  -0.00000
   0.00000,  40.45930,  59.99807,  -0.00000
   0.00000,  42.02967,  59.99728,  -0.00000
   0.00000,  37.65999,  59.99725,  -0.00000
   0.00000,  30.92464,  59.99847,  -0.00000
   0.00000,  24.96164,  60.00031,  -0.00000
   0.00000,  24.78063,  60.00184,  -0.00000
   0.00000,  31.88972,  60.00214,  -0.00000
   0.00000,  42.04258,  60.00136,  -0.00000
   0.00000,  51.20005,  59.99970,  -0.00000
  -0.00000,  52.59377,  59.99891,  -0.00000
  -0.00000,  48.81603,  59.99882,  -0.00000
  -0.00000,  43.37349,  59.99861,  -0.00000
  -0.00000,  41.62057,  59.99825,  -0.00000
   0.00000,  41.46897,  59.99762,  -0.00000
   0.00000,  39.05485,  59.99735,  -0.00000
   0.00000,  35.84260,  59.99778,  -0.00000
  -0.00000,  31.04369,  59.99883,  -0.00000
  -0.00000,  26.84110,  59.99930,  -0.00000
  -0.00000,  27.13234,  59.99941,  -0.00000
  -0.00000,  29.04700,  59.99876,  -0.00000
   0.00000,  26.59896,  59.99816,  -0.00000
   0.00000,  22.75707,  59.99830,  -0.00000
   0.00000,  16.99772,  59.99925,  -0.00000
   0.00000,  15.43003,  60.00070,  -0.00000
   0.00000,  17.12933,  60.00133,  -0.00000
   0.00000,  24.80151,  60.00084,  -0.00000
   0.00000,  35.66573,  59.99972,  -0.00000
   0.00000,  39.47054,  59.99889,  -0.00000
  -0.00000,  37.47551,  59.99897,  -0.00000
  -0.00000,  33.80427,  59.99969,  -0.00000
  -0.00000,  30.88107,  60.00061,  -0.00000
  -0.00000,  33.12070,  60.00090,  -0.00000
  -0.00000,  37.95560,  60.00105,  -0.00000
  -0.00000,  42.65943,  60.00062,  -0.00000
  -0.00000,  43.71135,  60.00048,  -0.00000
  -0.00000,  42.33009,  60.00047,  -0.00000
  -0.00000,  39.98263,  60.00042,  -0.00000
  -0.00000,  39.47402,  59.99980,  -0.00000
  -0.00000,  35.33889,  59.99949,  -0.00000
  -0.00000,  32.54079,  59.99904,  -0.00000
  -0.00000,  27.40195,  59.99953,  -0.00000
  -0.00000,  22.34557,  60.00117,  -0.00000
  -0.00000,  20.16019,  60.00259,  -0.00000
  -0.00000,  24.22985,  60.00309,  -0.00000
  -0.00000,  35.19796,  60.00224,  -0.00000
  -0.00000,  44.11411,  60.00076,  -0.00000
  -0.00000,  46.79444,  59.99956,  -0.00000
  -0.00000,  45.20198,  59.99908,  -0.00000
  -0.00000,  40.02429,  59.99954,  -0.00000
  -0.00000,  38.44939,  59.99983,  -0.00000
   0.00000,  42.73633,  59.99995,  -0.00000
   0.00000,  48.05497,  59.99933,  -0.00000
   0.00000,  50.27290,  59.99914,  -0.00000
   0.00000,  49.36093,  59.99941,  -0.00000
  -0.00000,  44.09963,  60.00052,  -0.00000
  -0.00000,  39.81704,  60.00156,  -0.00000
   0.00000,  36.00611,  60.00183,  -0.00000
   0.00000,  36.60643,  60.00193,  -0.00000
   0.00000,  37.05478,  60.00220,  -0.00000
   0.00000,  36.19963,  60.00303,  -0.00000
   0.00000,  34.91338,  60.00417,  -0.00000
  -0.00000,  36.10093,  60.00482,  -0.00000
  -0.00000,  42.60128,  60.00409,  -0.00000
  -0.00000,  49.58945,  60.00235,  -0.00000
  -0.00000,  52.84988,  60.00045,  -0.00000
   0.00000,  48.63720,  59.99939,  -0.00000
  -0.00000,  41.07684,  59.99964,  -0.00000
  -0.00000,  34.11188,  60.00053,  -0.00000
  -0.00000,  30.23098,  60.00139,  -0.00000
  -0.00000,  35.49871,  60.00093,  -0.00000
  -0.00000,  42.79206,  59.99970,  -0.00000
  -0.00000,  45.57600,  59.99842,  -0.00000
  -0.00000,  42.83757,  59.99788,  -0.00000
  -0.00000,  36.86359,  59.99782,  -0.00000
  -0.00000,  30.73019,  59.99784,  -0.00000
  -0.00000,  29.36107,  59.99733,  -0.00000
   0.00000,  31.04177,  59.99674,  -0.00000
   0.00000,  34.20814,  59.99726,  -0.00000
   0.00000,  33.46847,  59.99821,  -0.00000
  -0.00000,  32.51000,  59.99948,  -0.00000
  -0.00000,  38.32485,  59.99999,  -0.00000
  -0.00000,  44.87155,  59.99984,  -0.00000
  -0.00000,  52.94474,  59.99907,  -0.00000
  -0.00000,  58.63538,  59.99835,  -0.00000
  -0.00000,  57.80398,  59.99842,  -0.00000
  -0.00000,  54.65646,  59.99930,  -0.00000
  -0.00000,  56.12582,  60.00042,  -0.00000
  -0.00000,  60.14522,  60.00067,  -0.00000
  -0.00000,  67.69472,  59.99989,  -0.00000
  -0.00000,  72.30440,  59.99889,  -0.00000
  -0.00000,  69.61292,  59.99835,  -0.00000
  -0.00000,  60.84721,  59.99881,  -0.00000
  -0.00000,  48.72372,  59.99989,  -0.00000
  -0.00000,  41.67011,  60.00101,  -0.00000
  -0.00000,  39.85473,  60.00162,  -0.00000
  -0.00000,  39.81264,  60.00228,  -0.00000
  -0.00000,  41.90908,  60.00263,  -0.00000
  -0.00000,  42.49847,  60.00311,  -0.00000
  -0.00000,  44.37602,  60.00335,  -0.00000
  -0.00000,  45.90340,  60.00335,  -0.00000
  -0.00000,  49.65994,  60.00244,  -0.00000
  -0.00000,  52.78687,  60.00129,  -0.00000
   0.00000,  52.55516,  60.00021,  -0.00000
   0.00000,  48.97792,  60.00024,  -0.00000
   0.00000,  45.69050,  60.00152,  -0.00000
  -0.00000,  44.07722,  60.00269,  -0.00000
  -0.00000,  47.66537,  60.00308,  -0.00000
  -0.00000,  54.37552,  60.00239,  -0.00000
  -0.00000,  58.69259,  60.00137,  -0.00000
  -0.00000,  56.52227,  60.00095,  -0.00000
   0.00000,  47.74517,  60.00142,  -0.00000
  -0.00000,  40.46329,  60.00253,  -0.00000
   0.00000,  37.39710,  60.00319,  -0.00000
   0.00000,  38.67476,  60.00351,  -0.00000
   0.00000,  43.17144,  60.00278,  -0.00000
   0.00000,  45.68739,  60.00218,  -0.00000
  -0.00000,  46.25841,  60.00190,  -0.00000
  -0.00000,  42.88271,  60.00214,  -0.00000
  -0.00000,  41.44323,  60.00210,  -0.00000
  -0.00000,  40.69872,  60.00144,  -0.00000
  -0.00000,  42.34693,  60.00055,  -0.00000
  -0.00000,  43.29176,  60.00000,  -0.00000
  -0.00000,  43.29540,  59.99998,  -0.00000
  -0.00000,  41.81054,  60.00057,  -0.00000
  -0.00000,  43.21323,  60.00071,  -0.00000
  -0.00000,  49.36861,  59.99951,  -0.00000
  -0.00000,  54.33627,  59.99776,  -0.00000
  -0.00000,  53.92774,  59.99638,  -0.00000
   0.00000,  46.42014,  59.99614,  -0.00000
   0.00000,  35.92235,  59.99731,  -0.00000
   0.00000,  27.50709,  59.99900,  -0.00000
   0.00000,  25.29522,  60.00048,  -0.00000
   0.00000,  29.65762,  60.00099,  -0.00000
   0.00000,  35.93630,  60.00102,  -0.00000
   0.00000,  42.59140,  60.00072,  -0.00000
  -0.00000,  42.91360,  60.00120,  -0.00000
  -0.00000,  41.86278,  60.00185,  -0.00000
  -0.00000,  44.30330,  60.00196,  -0.00000
  -0.00000,  47.66785,  60.00149,  -0.00000
   0.00000,  51.53253,  60.00064,  -0.00000
   0.00000,  54.28075,  60.00048,  -0.00000
   0.00000,  53.20907,  60.00060,  -0.00000
  -0.00000,  51.32423,  60.00118,  -0.00000
  -0.00000,  50.78478,  60.00140,  -0.00000
  -0.00000,  52.89977,  60.00078,  -0.00000
  -0.00000,  54.32387,  59.99963,  -0.00000
  -0.00000,  47.54668,  59.99901,  -0.00000
  -0.00000,  40.71092,  59.99922,  -0.00000
  -0.00000,  32.61204,  60.00030,  -0.00000
  -0.00000,  26.53717,  60.00179,  -0.00000
  -0.00000,  29.25152,  60.00207,  -0.00000
  -0.00000,  36.50323,  60.00125,  -0.00000
  -0.00000,  43.60837,  60.00007,  -0.00000
  -0.00000,  44.70109,  59.99915,  -0.00000
  -0.00000,  41.23700,  59.99910,  -0.00000
  -0.00000,  37.43677,  59.99962,  -0.00000
   0.00000,  35.33563,  60.00002,  -0.00000
   0.00000,  37.94735,  60.00005,  -0.00000
   0.00000,  43.24964,  60.00016,  -0.00000
   0.00000,  47.01757,  60.00044,  -0.00000
   0.00000,  48.39888,  60.00122,  -0.00000
  -0.00000,  50.84398,  60.00155,  -0.00000
  -0.00000,  52.48211,  60.00174,  -0.00000
  -0.00000,  55.20988,  60.00105,  -0.00000
   0.00000,  54.53582,  60.00294,  -0.00000
   0.00000,  50.18410,  60.00238,  -0.00000
   0.00000,  41.99829,  60.00303,  -0.00000
   0.00000,  32.17016,  60.00486,  -0.00000
   0.00000,  27.82469,  60.00646,  -0.00000
   0.00000,  29.62611,  60.00703,  -0.00000
   0.00000,  32.25252,  60.00656,  -0.00000
   0.00000,  34.41334,  60.00575,  -0.00000
   0.00000,  31.58347,  60.00548,  -0.00000
   0.00000,  23.88235,  60.00576,  -0.00000
   0.00000,  18.72352,  60.00673,  -0.00000
   0.00000,  18.00780,  60.00709,  -0.00000
   0.00000,  21.44017,  60.00673,  -0.00000
   0.00000,  27.22972,  60.00547,  -0.00000
   0.00000,  30.20717,  60.00433,  -0.00000
   0.00000,  30.51138,  60.00343,  -0.00000
   0.00000,  26.76780,  60.00333,  -0.00000
   0.00000,  23.23380,  60.00304,  -0.00000
   0.00000,  17.13074,  60.00254,  -0.00000
   0.00000,  15.76698,  60.00207,  -0.00000
   0.00000,  13.07075,  60.00248,  -0.00000
   0.00000,   9.65497,  60.00408,  -0.00000
   0.00000,   6.77994,  60.00573,  -0.00000
   0.00000,   8.44322,  60.00685,  -0.00000
   0.00000,  17.85595,  60.00671,  -0.00000
   0.00000,  26.09230,  60.00543,  -0.00000
   0.00000,  30.14067,  60.00406,  -0.00000
   0.00000,  30.85825,  60.00356,   0.00000
   0.00000,  25.50077,  60.00411,   0.00000
   0.00000,  22.20329,  60.00511,   0.00000
   0.00000,  25.65793,  60.00629,   0.00000
   0.00000,  32.59317,  60.00597,   0.00000
   0.00000,  39.35124,  60.00520,  -0.00000
   0.00000,  43.73387,  60.00450,  -0.00000
  -0.00000,  42.48385,  60.00448,  -0.00000
  -0.00000,  38.62563,  60.00479,  -0.00000
  -0.00000,  32.89651,  60.00468,  -0.00000
  -0.00000,  32.31302,  60.00415,  -0.00000
   0.00000,  31.92244,  60.00344,  -0.00000
   0.00000,  28.67678,  60.00365,  -0.00000
   0.00000,  24.25690,  60.00441,  -0.00000
   0.00000,  20.96719,  60.00542,  -0.00000
   0.00000,  20.42783,  60.00622,   0.00000
   0.00000,  24.36118,  60.00589,  -0.00000
   0.00000,  27.68046,  60.00507,  -0.00000
   0.00000,  27.23220,  60.00457,  -0.00000
   0.00000,  23.38676,  60.00533,  -0.00000
   0.00000,  19.38164,  60.00702,  -0.00000
   0.00000,  21.93694,  60.00887,  -0.00000
   0.00000,  29.37434,  60.00954,  -0.00000
   0.00000,  40.53410,  60.00876,  -0.00000
   0.00000,  51.09105,  60.00704,  -0.00000
   0.00000,  53.67849,  60.00578,  -0.00000
   0.00000,  49.47579,  60.00535,  -0.00000
   0.00000,  39.78707,  60.00541,  -0.00000
   0.00000,  34.96731,  60.00542,  -0.00000
   0.00000,  33.81183,  60.00523,  -0.00000
   0.00000,  28.92303,  60.00565,  -0.00000
   0.00000,  27.58495,  60.00582,  -0.00000
   0.00000,  24.76904,  60.00658,  -0.00000
  -0.00000,  21.78419,  60.00710,  -0.00000
  -0.00000,  23.03185,  60.00705,  -0.00000
  -0.00000,  26.48155,  60.00592,   0.00000
  -0.00000,  26.86493,  60.00441,   0.00000
  -0.00000,  26.35243,  60.00331,   0.00000
   0.00000,  22.94018,  60.00320,   0.00000
  -0.00000,  22.02756,  60.00386,   0.00000
  -0.00000,  22.79337,  60.00411,   0.00000
  -0.00000,  28.80087,  60.00351,   0.00000
  -0.00000,  37.10399,  60.00190,   0.00000
  -0.00000,  40.94129,  60.00046,   0.00000
  -0.00000,  38.06854,  59.99999,   0.00000
  -0.00000,  31.51693,  60.00039,  -0.00000
  -0.00000,  24.79310,  60.00169,  -0.00000
  -0.00000,  23.09684,  60.00253,  -0.00000
  -0.00000,  26.03455,  60.00284,  -0.00000
   0.00000,  30.33655,  60.00264,  -0.00000
  -0.00000,  32.33397,  60.00274,   0.00000
  -0.00000,  34.50305,  60.00300,   0.00000
  -0.00000,  32.62991,  60.00359,   0.00000
  -0.00000,  31.68826,  60.00378,   0.00000
  -0.00000,  30.92190,  60.00365,   0.00000
  -0.00000,  30.19665,  60.00337,   0.00000
  -0.00000,  27.99119,  60.00370,   0.00000
  -0.00000,  25.95309,  60.00498,   0.00000
  -0.00000,  25.03379,  60.00638,  -0.00000
  -0.00000,  28.19908,  60.00710,  -0.00000
  -0.00000,  34.88451,  60.00651,  -0.00000
  -0.00000,  40.90593,  60.00490,  -0.00000
  -0.00000,  41.98534,  60.00320,  -0.00000
  -0.00000,  35.22869,  60.00243,  -0.00000
  -0.00000,  26.55401,  60.00271,  -0.00000
  -0.00000,  18.97089,  60.00327,  -0.00000
  -0.00000,  12.61844,  60.00414,  -0.00000
  -0.00000,  14.23922,  60.00362,  -0.00000
  -0.00000,  16.52258,  60.00307,  -0.00000
  -0.00000,  15.61013,  60.00309,  -0.00000
  -0.00000,  12.09320,  60.00381,  -0.00000
  -0.00000,   8.53742,  60.00474,  -0.00000
  -0.00000,   7.71859,  60.00535,  -0.00000
  -0.00000,  10.47376,  60.00528,  -0.00000
  -0.00000,  14.25974,  60.00492,  -0.00000
  -0.00000,  19.59029,  60.00499,  -0.00000
  -0.00000,  20.87224,  60.00550,  -0.00000
  -0.00000,  23.08947,  60.00613,  -0.00000
  -0.00000,  30.52328,  60.00606,  -0.00000
  -0.00000,  35.97649,  60.00489,  -0.00000
  -0.00000,  38.89607,  60.00321,  -0.00000
  -0.00000,  34.04728,  60.00209,  -0.00000
  -0.00000,  25.59137,  60.00248,  -0.00000
  -0.00000,  16.11003,  60.00402,  -0.00000
  -0.00000,   8.59299,  60.00583,  -0.00000
  -0.00000,   9.99215,  60.00650,  -0.00000
  -0.00000,  15.37950,  60.00588,  -0.00000
  -0.00000,  17.48584,  60.00452,  -0.00000
  -0.00000,  16.02392,  60.00387,  -0.00000
  -0.00000,  10.49174,  60.00392,  -0.00000
  -0.00000,   4.09772,  60.00405,  -0.00000
  -0.00000,   0.82779,  60.00404,  -0.00000
   0.00000,   1.45478,  60.00347,  -0.00000
   0.00000,   3.46680,  60.00306,  -0.00000
   0.00000,   4.98462,  60.00313,  -0.00000
  -0.00000,   4.81842,  60.00381,  -0.00000
  -0.00000,   7.78014,  60.00390,  -0.00000
  -0.00000,  11.26617,  60.00385,  -0.00000
  -0.00000,  16.45704,  60.00279,  -0.00000
  -0.00000,  19.11670,  60.00133,  -0.00000
  -0.00000,  17.94253,  60.00076,  -0.00000
  -0.00000,  13.06076,  60.00124,  -0.00000
  -0.00000,   9.45768,  60.00244,  -0.00000
  -0.00000,   9.38388,  60.00320,  -0.00000
  -0.00000,  15.20046,  60.00292,  -0.00000
  -0.00000,  20.40210,  60.00209,  -0.00000
  -0.00000,  22.03133,  60.00116,  -0.00000
  -0.00000,  17.64766,  60.00114,  -0.00000
  -0.00000,   9.85733,  60.00215,  -0.00000
  -0.00000,   5.10096,  60.00343,  -0.00000
  -0.00000,   6.74561,  60.00421,  -0.00000
  -0.00000,  12.13925,  60.00475,  -0.00000
  -0.00000,  18.92422,  60.00419,  -0.00000
  -0.00000,  23.45482,  60.00367,  -0.00000
  -0.00000,  29.24250,  60.00303,  -0.00000
  -0.00000,  30.90636,  60.00252,  -0.00000
  -0.00000,  33.56524,  60.00137,  -0.00000
  -0.00000,  32.47013,  59.99997,  -0.00000
  -0.00000,  31.80070,  59.99846,  -0.00000
  -0.00000,  26.87721,  59.99813,  -0.00000
  -0.00000,  19.24163,  59.99950,  -0.00000
  -0.00000,  13.80540,  60.00133,  -0.00000
  -0.00000,  14.53448,  60.00255,  -0.00000
  -0.00000,  20.93934,  60.00255,  -0.00000
  -0.00000,  26.94727,  60.00209,  -0.00000
  -0.00000,  27.52986,  60.00184,  -0.00000
  -0.00000,  23.70251,  60.00210,  -0.00000
  -0.00000,  17.71869,  60.00365,  -0.00000
  -0.00000,  15.23174,  60.00517,  -0.00000
   0.00000,  20.18966,  60.00624,  -0.00000
   0.00000,  28.11196,  60.00593,  -0.00000
   0.00000,  34.84415,  60.00543,  -0.00000
  -0.00000,  39.42676,  60.00519,  -0.00000
  -0.00000,  38.08177,  60.00583,  -0.00000
  -0.00000,  35.64920,  60.00679,  -0.00000
  -0.00000,  31.13569,  60.00723,  -0.00000
  -0.00000,  31.25983,  60.00703,  -0.00000
  -0.00000,  30.57806,  60.00659,  -0.00000
  -0.00000,  23.99834,  60.00679,  -0.00000
  -0.00000,  19.99209,  60.00743,  -0.00000
  -0.00000,  17.58163,  60.00805,  -0.00000
  -0.00000,  15.49431,  60.00766,  -0.00000
  -0.00000,  18.79376,  60.00618,  -0.00000
  -0.00000,  18.75782,  60.00438,  -0.00000
   0.00000,   8.86524,  60.00356,  -0.00000
   0.00000,  -0.84487,  60.00422,  -0.00000
  -0.00000,  -8.74757,  60.00580,  -0.00000
  -0.00000,  -9.60604,  60.00748,  -0.00000
  -0.00000,  -3.60854,  60.00772,  -0.00000
  -0.00000,   5.76838,  60.00696,  -0.00000
  -0.00000,  16.98843,  60.00566,  -0.00000
  -0.00000,  19.87656,  60.00508,  -0.00000
  -0.00000,  18.86296,  60.00520,  -0.00000
  -0.00000,  20.36293,  60.00518,  -0.00000
  -0.00000,  21.76936,  60.00490,  -0.00000
  -0.00000,  24.70669,  60.00410,  -0.00000
   0.00000,  27.76704,  60.00365,  -0.00000
   0.00000,  26.61809,  60.00379,  -0.00000
  -0.00000,  23.97634,  60.00481,  -0.00000
  -0.00000,  24.12722,  60.00571,  -0.00000
  -0.00000,  24.88508,  60.00621,  -0.00000
  -0.00000,  26.34922,  60.00594,  -0.00000
  -0.00000,  24.48866,  60.00543,  -0.00000
  -0.00000,  20.70236,  60.00576,  -0.00000
  -0.00000,  15.66629,  60.00696,  -0.00000
  -0.00000,  14.68038,  60.00846,  -0.00000
  -0.00000,  17.71414,  60.00925,  -0.00000
  -0.00000,  25.60828,  60.00874,  -0.00000
  -0.00000,  34.89220,  60.00721,  -0.00000
  -0.00000,  38.40991,  60.00566,  -0.00000
  -0.00000,  35.35821,  60.00504,  -0.00000
  -0.00000,  28.81852,  60.00529,  -0.00000
  -0.00000,  23.35426,  60.00617,  -0.00000
  -0.00000,  22.27412,  60.00655,  -0.00000
  -0.00000,  22.87073,  60.00689,  -0.00000
  -0.00000,  25.86002,  60.00658,  -0.00000
  -0.00000,  26.87647,  60.00683,  -0.00000
  -0.00000,  27.35909,  60.00723,  -0.00000
  -0.00000,  26.48868,  60.00788,  -0.00000
  -0.00000,  27.96601,  60.00767,  -0.00000
  -0.00000,  27.46431,  60.00707,  -0.00000
   0.00000,  26.86030,  60.00620,  -0.00000
   0.00000,  23.84914,  60.00626,  -0.00000
   0.00000,  20.98184,  60.00785,  -0.00000
  -0.00000,  20.19853,  60.00941,  -0.00000
  -0.00000,  24.84711,  60.01028,  -0.00000
  -0.00000,  34.01270,  60.01019,  -0.00000
  -0.00000,  41.37256,  60.00907,  -0.00000
  -0.00000,  43.61833,  60.00805,  -0.00000
  -0.00000,  40.53369,  60.00762,  -0.00000
  -0.00000,  35.66263,  60.00832,  -0.00000
  -0.00000,  33.44545,  60.00888,  -0.00000
  -0.00000,  33.93826,  60.00871,  -0.00000
  -0.00000,  38.43088,  60.00736,  -0.00000
  -0.00000,  40.60481,  60.00592,  -0.00000
  -0.00000,  37.25827,  60.00498,  -0.00000
  -0.00000,  30.72634,  60.00512,  -0.00000
  -0.00000,  23.64392,  60.00553,  -0.00000
  -0.00000,  15.74767,  60.00557,  -0.00000
  -0.00000,  13.87729,  60.00536,  -0.00000
   0.00000,  12.37935,  60.00545,  -0.00000
   0.00000,  11.35633,  60.00626,  -0.00000
  -0.00000,   9.88668,  60.00774,  -0.00000
  -0.00000,  11.82813,  60.00898,  -0.00000
  -0.00000,  21.94546,  60.00874,  -0.00000
  -0.00000,  30.65789,  60.00761,  -0.00000
   0.00000,  36.00707,  60.00596,  -0.00000
   0.00000,  36.76304,  60.00470,  -0.00000
   0.00000,  30.92917,  60.00513,  -0.00000
   0.00000,  24.73122,  60.00644,  -0.00000
   0.00000,  22.92083,  60.00792,  -0.00000
   0.00000,  26.69879,  60.00824,  -0.00000
   0.00000,  31.40965,  60.00783,  -0.00000
   0.00000,  32.77844,  60.00730,  -0.00000
  -0.00000,  30.09532,  60.00752,  -0.00000
  -0.00000,  24.61470,  60.00827,  -0.00000
  -0.00000,  17.59597,  60.00882,  -0.00000
  -0.00000,  16.19032,  60.00871,  -0.00000
   0.00000,  17.09413,  60.00796,  -0.00000
   0.00000,  16.17206,  60.00791,  -0.00000
   0.00000,  14.42857,  60.00780,   0.00000
  -0.00000,  12.35659,  60.00826,   0.00000
  -0.00000,  14.41569,  60.00889,   0.00000
  -0.00000,  17.22056,  60.00838,   0.00000
  -0.00000,  21.44185,  60.00710,  -0.00000
  -0.00000,  22.92945,  60.00614,  -0.00000
  -0.00000,  19.84047,  60.00585,  -0.00000
  -0.00000,  14.99716,  60.00675,  -0.00000
  -0.00000,  14.63757,  60.00831,  -0.00000
  -0.00000,  17.25383,  60.00887,  -0.00000
  -0.00000,  25.51810,  60.00817,  -0.00000
   0.00000,  35.87469,  60.00662,  -0.00000
   0.00000,  38.20721,  60.00543,  -0.00000
   0.00000,  33.11890,  60.00531,  -0.00000
   0.00000,  24.54355,  60.00611,  -0.00000
   0.00000,  17.57941,  60.00748,  -0.00000
   0.00000,  16.17094,  60.00845,  -0.00000
   0.00000,  18.74617,  60.00944,  -0.00000
   0.00000,  22.37988,  60.00991,  -0.00000
   0.00000,  24.30861,  60.01086,  -0.00000
   0.00000,  28.92352,  60.01171,  -0.00000
  -0.00000,  31.09411,  60.01265,  -0.00000
  -0.00000,  35.93628,  60.01247,  -0.00000
   0.00000,  39.19218,  60.01081,  -0.00000
   0.00000,  39.43808,  60.00916,  -0.00000
   0.00000,  35.45668,  60.00850,  -0.00000
   0.00000,  29.19683,  60.00907,  -0.00000
   0.00000,  26.09409,  60.00989,  -0.00000
   0.00000,  27.80056,  60.00994,  -0.00000
   0.00000,  28.20638,  60.00872,  -0.00000
   0.00000,  29.95386,  60.00692,  -0.00000
   0.00000,  25.23069,  60.00574,  -0.00000
   0.00000,  11.63857,  60.00564,  -0.00000
   0.00000,   1.59821,  60.00709,  -0.00000
   0.00000,  -3.09526,  60.00836,  -0.00000
   0.00000,  -1.17136,  60.00876,  -0.00000
   0.00000,   6.57958,  60.00782,  -0.00000
   0.00000,  12.84177,  60.00693,  -0.00000
   0.00000,  19.56586,  60.00626,  -0.00000
   0.00000,  19.55004,  60.00641,  -0.00000
   0.00000,  20.00471,  60.00638,  -0.00000
   0.00000,  22.92786,  60.00570,  -0.00000
   0.00000,  26.10765,  60.00471,  -0.00000
   0.00000,  27.74383,  60.00415,  -0.00000
   0.00000,  28.23518,  60.00489,  -0.00000
   0.00000,  27.07696,  60.00619,  -0.00000
  -0.00000,  29.31266,  60.00718,  -0.00000
  -0.00000,  36.34122,  60.00666,  -0.00000
  -0.00000,  44.12461,  60.00509,  -0.00000
  -0.00000,  47.12255,  60.00318,  -0.00000
  -0.00000,  40.40089,  60.00174,  -0.00000
  -0.00000,  29.84711,  60.00210,  -0.00000
  -0.00000,  19.90693,  60.00330,   0.00000
  -0.00000,  14.63049,  60.00487,   0.00000
  -0.00000,  18.09286,  60.00488,   0.00000
   0.00000,  23.28027,  60.00431,   0.00000
  -0.00000,  27.14969,  60.00389,   0.00000
  -0.00000,  25.97670,  60.00419,   0.00000
  -0.00000,  22.88081,  60.00511,  -0.00000
  -0.00000,  22.35452,  60.00554,  -0.00000
  -0.00000,  24.66199,  60.00545,  -0.00000
  -0.00000,  28.48378,  60.00476,  -0.00000
   0.00000,  33.01075,  60.00434,  -0.00000
   0.00000,  33.86752,  60.00456,  -0.00000
   0.00000,  33.65369,  60.00540,  -0.00000
   0.00000,  35.98077,  60.00589,  -0.00000
   0.00000,  38.61584,  60.00553,  -0.00000
   0.00000,  40.15333,  60.00450,  -0.00000
   0.00000,  33.20907,  60.00405,  -0.00000
   0.00000,  25.60267,  60.00486,  -0.00000
   0.00000,  16.59417,  60.00699,  -0.00000
   0.00000,  10.09250,  60.00973,  -0.00000
   0.00000,  12.82651,  60.01108,  -0.00000
   0.00000,  20.82833,  60.01094,  -0.00000
   0.00000,  27.83517,  60.01012,  -0.00000
   0.00000,  29.92402,  60.00920,  -0.00000
   0.00000,  26.27299,  60.00894,  -0.00000
   0.00000,  19.24105,  60.00919,  -0.00000
   0.00000,  16.01133,  60.00923,  -0.00000
   0.00000,  17.19589,  60.00852,  -0.00000
   0.00000,  16.78933,  60.00812,  -0.00000
   0.00000,  18.03751,  60.00751,  -0.00000
   0.00000,  15.67230,  60.00769,  -0.00000
  -0.00000,  12.17432,  60.00802,  -0.00000
  -0.00000,  10.83676,  60.00813,  -0.00000
  -0.00000,  12.22258,  60.00734,  -0.00000
   0.00000,  10.58690,  60.00573,  -0.00000
   0.00000,   8.06121,  60.00484,  -0.00000
   0.00000,   2.04937,  60.00509,  -0.00000
   0.00000,  -2.01875,  60.00640,  -0.00000
   0.00000,  -4.03236,  60.00772,  -0.00000
   0.00000,   0.19281,  60.00801,  -0.00000
   0.00000,   9.71219,  60.00717,  -0.00000
   0.00000,  14.64353,  60.00632,  -0.00000
   0.00000,  14.53322,  60.00607,  -0.00000
   0.00000,  12.37693,  60.00658,  -0.00000
   0.00000,   8.07426,  60.00821,  -0.00000
   0.00000,   8.71494,  60.00948,  -0.00000
   0.00000,  16.06533,  60.00987,  -0.00000
   0.00000,  23.66077,  60.00933,  -0.00000
   0.00000,  28.72671,  60.00875,  -0.00000
   0.00000,  31.66084,  60.00804,  -0.00000
   0.00000,  29.61257,  60.00804,  -0.00000
   0.00000,  27.34120,  60.00776,  -0.00000
   0.00000,  20.63977,  60.00683,  -0.00000
   0.00000,  18.49778,  60.00577,  -0.00000
   0.00000,  13.90219,  60.00545,  -0.00000
   0.00000,   4.81300,  60.00680,  -0.00000
   0.00000,  -0.86131,  60.00846,  -0.00000
   0.00000,  -1.49096,  60.00965,  -0.00000
  -0.00000,   2.78904,  60.00990,  -0.00000
  -0.00000,  10.60314,  60.00875,  -0.00000
   0.00000,  15.55684,  60.00735,  -0.00000
   0.00000,  16.46086,  60.00647,  -0.00000
   0.00000,  12.10644,  60.00669,  -0.00000
   0.00000,   8.98387,  60.00735,  -0.00000
   0.00000,  14.13786,  60.00820,  -0.00000
   0.00000,  23.45427,  60.00735,  -0.00000
   0.00000,  32.85355,  60.00622,  -0.00000
   0.00000,  39.92682,  60.00571,  -0.00000
   0.00000,  39.17211,  60.00592,  -0.00000
  -0.00000,  35.90854,  60.00664,  -0.00000
  -0.00000,  31.95440,  60.00733,  -0.00000
   0.00000,  32.80611,  60.00748,  -0.00000
   0.00000,  34.52022,  60.00723,  -0.00000
   0.00000,  34.44567,  60.00765,  -0.00000
   0.00000,  32.93950,  60.00850,  -0.00000
   0.00000,  31.50868,  60.00962,  -0.00000
  -0.00000,  34.64432,  60.01004,  -0.00000
  -0.00000,  39.60552,  60.00927,  -0.00000
   0.00000,  43.47909,  60.00780,  -0.00000
   0.00000,  40.43978,  60.00666,  -0.00000
   0.00000,  34.28395,  60.00681,  -0.00000
   0.00000,  27.02948,  60.00814,  -0.00000
  -0.00000,  23.48678,  60.00984,  -0.00000
  -0.00000,  27.59363,  60.01043,  -0.00000
  -0.00000,  35.97077,  60.00972,  -0.00000
  -0.00000,  43.26456,  60.00790,  -0.00000
  -0.00000,  44.86445,  60.00674,  -0.00000
  -0.00000,  40.47997,  60.00646,  -0.00000
  -0.00000,  32.05980,  60.00640,  -0.00000
   0.00000,  27.24406,  60.00653,  -0.00000
   0.00000,  25.89056,  60.00602,  -0.00000
   0.00000,  23.40868,  60.00585,  -0.00000
   0.00000,  22.06348,  60.00605,  -0.00000
   0.00000,  18.76259,  60.00713,  -0.00000
   0.00000,  17.93409,  60.00822,  -0.00000
   0.00000,  18.86258,  60.00904,  -0.00000
   0.00000,  23.05548,  60.00892,  -0.00000
   0.00000,  26.56772,  60.00819,  -0.00000
   0.00000,  27.50817,  60.00784,  -0.00000
   0.00000,  25.61431,  60.00827,  -0.00000
   0.00000,  26.18760,  60.00929,   0.00000
  -0.00000,  28.40155,  60.00982,   0.00000
  -0.00000,  35.24625,  60.00919,   0.00000
  -0.00000,  43.29219,  60.00769,   0.00000
  -0.00000,  46.52048,  60.00578,   0.00000
  -0.00000,  42.81192,  60.00466,   0.00000
  -0.00000,  31.83462,  60.00474,  -0.00000
  -0.00000,  22.85687,  60.00553,  -0.00000
  -0.00000,  18.57783,  60.00617,  -0.00000
  -0.00000,  16.72863,  60.00673,  -0.00000
  -0.00000,  19.43714,  60.00638,   0.00000
  -0.00000,  20.41905,  60.00620,   0.00000
  -0.00000,  22.27480,  60.00614,   0.00000
  -0.00000,  20.64797,  60.00650,   0.00000
  -0.00000,  20.84726,  60.00647,   0.00000
  -0.00000,  24.09570,  60.00574,   0.00000
  -0.00000,  25.27856,  60.00486,   0.00000
   0.00000,  24.15716,  60.00468,   0.00000
   0.00000,  25.30447,  60.00566,   0.00000
  -0.00000,  23.80453,  60.00719,   0.00000
  -0.00000,  26.69543,  60.00843,   0.00000
  -0.00000,  36.85751,  60.00855,  -0.00000
  -0.00000,  44.50396,  60.00785,  -0.00000
  -0.00000,  47.62053,  60.00705,  -0.00000
  -0.00000,  44.81206,  60.00661,  -0.00000
  -0.00000,  37.81170,  60.00766,  -0.00000
  -0.00000,  31.94126,  60.00903,  -0.00000
   0.00000,  28.55820,  60.00998,  -0.00000
   0.00000,  31.95717,  60.00953,  -0.00000
   0.00000,  34.21252,  60.00874,  -0.00000
   0.00000,  31.22802,  60.00830,  -0.00000
  -0.00000,  25.48409,  60.00853,  -0.00000
  -0.00000,  19.23222,  60.00913,  -0.00000
  -0.00000,  12.14303,  60.00953,  -0.00000
  -0.00000,  12.66415,  60.00922,  -0.00000
   0.00000,  14.46676,  60.00862,  -0.00000
   0.00000,  14.71288,  60.00865,  -0.00000
  -0.00000,  14.07564,  60.00907,  -0.00000
  -0.00000,  14.47736,  60.00948,  -0.00000
  -0.00000,  20.27150,  60.00884,  -0.00000
  -0.00000,  27.30977,  60.00709,  -0.00000
  -0.00000,  32.34452,  60.00455,  -0.00000
   0.00000,  29.34091,  60.00239,  -0.00000
   0.00000,  21.28870,  60.00196,  -0.00000
   0.00000,  11.51336,  60.00303,  -0.00000
   0.00000,   5.10392,  60.00469,  -0.00000
   0.00000,   7.71898,  60.00554,  -0.00000
   0.00000,  14.50963,  60.00545,  -0.00000
   0.00000,  20.77118,  60.00484,  -0.00000
   0.00000,  20.94144,  60.00482,  -0.00000
   0.00000,  17.44372,  60.00540,  -0.00000
  -0.00000,  15.96051,  60.00567,  -0.00000
   0.00000,  16.03701,  60.00594,  -0.00000
   0.00000,  19.53848,  60.00552,  -0.00000
   0.00000,  24.52004,  60.00510,   0.00000
   0.00000,  26.27775,  60.00482,   0.00000
   0.00000,  25.75955,  60.00523,   0.00000
  -0.00000,  27.42892,  60.00549,   0.00000
  -0.00000,  28.65158,  60.00538,  -0.00000
  -0.00000,  31.30198,  60.00431,  -0.00000
  -0.00000,  28.09161,  60.00289,  -0.00000
  -0.00000,  24.05098,  60.00249,  -0.00000
  -0.00000,  16.70241,  60.00328,  -0.00000
  -0.00000,   8.15631,  60.00473,  -0.00000
  -0.00000,   6.03961,  60.00575,  -0.00000
  -0.00000,  10.54797,  60.00544,  -0.00000
   0.00000,  16.09635,  60.00436,  -0.00000
   0.00000,  17.61744,  60.00323,  -0.00000
   0.00000,  13.40612,  60.00290,  -0.00000
   0.00000,   5.27895,  60.00373,  -0.00000
   0.00000,  -0.71231,  60.00492,  -0.00000
   0.00000,  -0.49531,  60.00579,  -0.00000
   0.00000,   5.26838,  60.00688,  -0.00000
   0.00000,  12.27019,  60.00711,  -0.00000
   0.00000,  17.22099,  60.00753,  -0.00000
  -0.00000,  24.00752,  60.00809,  -0.00000
  -0.00000,  25.95431,  60.00862,  -0.00000
  -0.00000,  29.81302,  60.00829,  -0.00000
   0.00000,  32.37882,  60.00730,  -0.00000
   0.00000,  33.50469,  60.00595,  -0.00000
   0.00000,  29.81783,  60.00543,  -0.00000
   0.00000,  21.23931,  60.00668,  -0.00000
   0.00000,  15.32529,  60.00796,  -0.00000
   0.00000,  14.62728,  60.00877,  -0.00000
   0.00000,  15.74264,  60.00884,  -0.00000
   0.00000,  19.03698,  60.00795,  -0.00000
   0.00000,  17.61683,  60.00728,  -0.00000
   0.00000,   9.64548,  60.00733,  -0.00000
   0.00000,   1.37973,  60.00849,  -0.00000
   0.00000,  -2.53993,  60.00962,   0.00000
   0.00000,   0.52771,  60.01012,   0.00000
   0.00000,   8.00631,  60.00936,   0.00000
   0.00000,  14.98952,  60.00811,   0.00000
   0.00000,  21.40947,  60.00689,   0.00000
   0.00000,  19.06194,  60.00679,   0.00000
   0.00000,  15.47031,  60.00685,  -0.00000
   0.00000,  13.52168,  60.00636,  -0.00000
   0.00000,  14.32359,  60.00599,  -0.00000
   0.00000,  14.57967,  60.00584,  -0.00000
   0.00000,  12.99759,  60.00655,  -0.00000
   0.00000,  10.13608,  60.00819,  -0.00000
   0.00000,   8.31626,  60.00988,  -0.00000
   0.00000,  11.79761,  60.01017,  -0.00000
   0.00000,  17.79897,  60.00953,  -0.00000
   0.00000,  21.68514,  60.00823,  -0.00000
   0.00000,  18.52121,  60.00702,  -0.00000
   0.00000,  11.37827,  60.00729,  -0.00000
   0.00000,   4.35380,  60.00848,  -0.00000
   0.00000,   2.30544,  60.00998,  -0.00000
   0.00000,   7.47741,  60.01015,  -0.00000
   0.00000,  15.39588,  60.00945,  -0.00000
  -0.00000,  22.06697,  60.00853,  -0.00000
  -0.00000,  23.08643,  60.00799,  -0.00000
  -0.00000,  20.23775,  60.00791,  -0.00000
  -0.00000,  15.98687,  60.00757,  -0.00000
  -0.00000,  16.50915,  60.00695,  -0.00000
  -0.00000,  19.28519,  60.00567,  -0.00000
  -0.00000,  20.18919,  60.00464,  -0.00000
  -0.00000,  18.96995,  60.00406,  -0.00000
  -0.00000,  15.88977,  60.00432,  -0.00000
  -0.00000,  14.59320,  60.00455,   0.00000
  -0.00000,  15.90140,  60.00431,  -0.00000
  -0.00000,  18.87286,  60.00355,  -0.00000
  -0.00000,  19.43093,  60.00317,  -0.00000
  -0.00000,  16.79338,  60.00359,  -0.00000
  -0.00000,  12.58844,  60.00511,  -0.00000
  -0.00000,  14.38242,  60.00726,  -0.00000
  -0.00000,  18.82756,  60.00871,   0.00000
  -0.00000,  29.14619,  60.00882,   0.00000
  -0.00000,  44.11925,  60.00777,   0.00000
  -0.00000,  51.33436,  60.00658,   0.00000
  -0.00000,  51.83568,  60.00608,   0.00000
  -0.00000,  49.36573,  60.00607,   0.00000
  -0.00000,  45.42556,  60.00682,  -0.00000
  -0.00000,  44.19534,  60.00718,  -0.00000
  -0.00000,  41.85589,  60.00756,  -0.00000
  -0.00000,  42.74856,  60.00741,  -0.00000
  -0.00000,  41.00120,  60.00785,  -0.00000
  -0.00000,  35.84805,  60.00859,  -0.00000
  -0.00000,  32.66822,  60.00954,  -0.00000
  -0.00000,  32.30371,  60.00956,  -0.00000
  -0.00000,  28.08763,  60.00863,  -0.00000
  -0.00000,  26.37800,  60.00770,  -0.00000
  -0.00000,  21.92087,  60.00753,  -0.00000
  -0.00000,  16.06220,  60.00850,   0.00000
  -0.00000,  13.07543,  60.00959,   0.00000
  -0.00000,  15.71599,  60.00993,   0.00000
  -0.00000,  22.50229,  60.00913,   0.00000
  -0.00000,  28.43288,  60.00771,  -0.00000
  -0.00000,  29.49165,  60.00671,  -0.00000
  -0.00000,  25.75166,  60.00662,  -0.00000
  -0.00000,  19.88338,  60.00769,  -0.00000
  -0.00000,  17.54054,  60.00880,  -0.00000
  -0.00000,  19.87377,  60.00936,  -0.00000
  -0.00000,  26.26650,  60.00871,  -0.00000
  -0.00000,  30.77631,  60.00790,  -0.00000
  -0.00000,  32.21509,  60.00731,  -0.00000
  -0.00000,  28.50208,  60.00745,  -0.00000
  -0.00000,  24.31231,  60.00759,  -0.00000
  -0.00000,  20.09030,  60.00742,  -0.00000
   0.00000,  18.92246,  60.00695,  -0.00000
   0.00000,  16.81601,  60.00680,  -0.00000
  -0.00000,  13.95470,  60.00765,   0.00000
  -0.00000,  11.00281,  60.00899,   0.00000
  -0.00000,  11.30887,  60.01023,   0.00000
  -0.00000,  18.33909,  60.01028,   0.00000
  -0.00000,  25.82068,  60.00927,   0.00000
  -0.00000,  30.86572,  60.00764,   0.00000
  -0.00000,  31.11191,  60.00598,   0.00000
  -0.00000,  25.27884,  60.00577,   0.00000
  -0.00000,  18.85416,  60.00638,   0.00000
  -0.00000,  16.52034,  60.00723,   0.00000
  -0.00000,  19.46533,  60.00691,   0.00000
  -0.00000,  24.51116,  60.00600,  -0.00000
  -0.00000,  28.19721,  60.00531,  -0.00000
  -0.00000,  24.82801,  60.00572,  -0.00000
  -0.00000,  18.66688,  60.00689,  -0.00000
  -0.00000,  13.76505,  60.00791,  -0.00000
  -0.00000,  13.23715,  60.00863,  -0.00000
   0.00000,  15.86548,  60.00880,  -0.00000
   0.00000,  20.27142,  60.00937,  -0.00000
   0.00000,  22.24201,  60.01001,  -0.00000
  -0.00000,  23.62183,  60.01099,  -0.00000
  -0.00000,  30.54808,  60.01164,   0.00000
  -0.00000,  36.74881,  60.01142,  -0.00000
  -0.00000,  42.95447,  60.01024,  -0.00000
   0.00000,  44.48947,  60.00921,  -0.00000
  -0.00000,  40.80657,  60.00887,  -0.00000
  -0.00000,  34.24142,  60.00978,  -0.00000
  -0.00000,  28.64451,  60.01190,  -0.00000
  -0.00000,  30.42267,  60.01299,  -0.00000
  -0.00000,  37.72902,  60.01249,  -0.00000
  -0.00000,  43.47099,  60.01106,  -0.00000
  -0.00000,  44.73227,  60.00948,  -0.00000
  -0.00000,  39.37791,  60.00853,  -0.00000
  -0.00000,  26.19775,  60.00809,  -0.00000
  -0.00000,  19.06622,  60.00827,   0.00000
   0.00000,  17.56991,  60.00793,   0.00000
   0.00000,  17.35721,  60.00790,   0.00000
   0.00000,  19.90760,  60.00757,   0.00000
   0.00000,  20.50811,  60.00801,   0.00000
  -0.00000,  24.42687,  60.00852,   0.00000
  -0.00000,  26.98882,  60.00930,   0.00000
  -0.00000,  32.76458,  60.00910,   0.00000
  -0.00000,  39.84174,  60.00776,  -0.00000
   0.00000,  42.51188,  60.00690,  -0.00000
   0.00000,  41.86663,  60.00686,   0.00000
   0.00000,  42.33864,  60.00747,   0.00000
   0.00000,  42.66411,  60.00864,   0.00000
   0.00000,  47.92558,  60.00890,   0.00000
   0.00000,  55.29262,  60.00758,   0.00000
   0.00000,  58.88225,  60.00607,  -0.00000
   0.00000,  54.13589,  60.00549,  -0.00000
   0.00000,  40.53274,  60.00596,  -0.00000
   0.00000,  30.17466,  60.00784,  -0.00000
   0.00000,  24.82300,  60.00957,  -0.00000
   0.00000,  23.24208,  60.01055,  -0.00000
   0.00000,  27.99464,  60.01033,   0.00000
   0.00000,  32.22191,  60.01001,   0.00000
  -0.00000,  35.32200,  60.00952,   0.00000
  -0.00000,  34.88509,  60.00960,   0.00000
  -0.00000,  35.07724,  60.00935,   0.00000
  -0.00000,  35.07436,  60.00833,   0.00000
   0.00000,  36.11904,  60.00681,   0.00000
   0.00000,  35.04055,  60.00579,   0.00000
   0.00000,  31.22464,  60.00627,   0.00000
  -0.00000,  27.51948,  60.00739,   0.00000
  -0.00000,  27.64771,  60.00854,   0.00000
  -0.00000,  33.57959,  60.00864,  -0.00000
  -0.00000,  40.36961,  60.00763,  -0.00000
  -0.00000,  43.00503,  60.00648,  -0.00000
   0.00000,  39.58606,  60.00616,  -0.00000
   0.00000,  32.65679,  60.00711,   0.00000
   0.00000,  26.94864,  60.00852,   0.00000
   0.00000,  27.32636,  60.01002,   0.00000
   0.00000,  32.28246,  60.00991,   0.00000
   0.00000,  38.71016,  60.00935,   0.00000
   0.00000,  45.12237,  60.00917,   0.00000
  -0.00000,  44.19715,  60.00957,   0.00000
  -0.00000,  41.33219,  60.01057,   0.00000
  -0.00000,  40.65403,  60.01143,   0.00000
  -0.00000,  41.74815,  60.01161,   0.00000
  -0.00000,  44.26130,  60.01132,   0.00000
   0.00000,  46.22244,  60.01146,   0.00000
  -0.00000,  46.43175,  60.01187,   0.00000
  -0.00000,  46.17867,  60.01272,   0.00000
  -0.00000,  47.44358,  60.01277,   0.00000
  -0.00000,  50.48592,  60.01208,   0.00000
  -0.00000,  51.72002,  60.01041,   0.00000
   0.00000,  43.47136,  60.00873,   0.00000
   0.00000,  33.47907,  60.00862,   0.00000
   0.00000,  21.87336,  60.01007,   0.00000
   0.00000,  12.27454,  60.01230,  -0.00000
   0.00000,  12.33688,  60.01382,  -0.00000
   0.00000,  18.69661,  60.01408,  -0.00000
   0.00000,  27.55539,  60.01332,  -0.00000
   0.00000,  30.39472,  60.01286,  -0.00000
   0.00000,  29.11361,  60.01305,  -0.00000
   0.00000,  28.08521,  60.01314,  -0.00000
   0.00000,  27.26661,  60.01363,  -0.00000
   0.00000,  30.06010,  60.01321,  -0.00000
   0.00000,  34.36079,  60.01269,  -0.00000
   0.00000,  37.55341,  60.01205,  -0.00000
   0.00000,  37.55367,  60.01228,  -0.00000
   0.00000,  36.35909,  60.01291,  -0.00000
   0.00000,  36.01722,  60.01356,  -0.00000
   0.00000,  37.54113,  60.01316,  -0.00000
   0.00000,  33.03702,  60.01190,  -0.00000
   0.00000,  29.87811,  60.01102,  -0.00000
   0.00000,  23.11671,  60.01122,  -0.00000
   0.00000,  15.46631,  60.01229,  -0.00000
   0.00000,  13.69653,  60.01326,   0.00000
   0.00000,  18.35432,  60.01302,   0.00000
   0.00000,  26.45410,  60.01160,   0.00000
   0.00000,  31.77562,  60.00962,   0.00000
   0.00000,  31.01954,  60.00833,   0.00000
   0.00000,  26.86346,  60.00808,   0.00000
   0.00000,  21.51092,  60.00889,   0.00000
   0.00000,  20.51727,  60.00957,   0.00000
   0.00000,  26.02212,  60.01003,   0.00000
   0.00000,  33.10590,  60.00952,   0.00000
   0.00000,  38.83263,  60.00917,   0.00000
   0.00000,  45.58683,  60.00887,   0.00000
  -0.00000,  45.66533,  60.00946,  -0.00000
  -0.00000,  46.65291,  60.00961,  -0.00000
   0.00000,  47.95475,  60.00883,  -0.00000
   0.00000,  47.54704,  60.00789,  -0.00000
   0.00000,  43.73161,  60.00765,  -0.00000
   0.00000,  37.87470,  60.00904,   0.00000
   0.00000,  33.06770,  60.01096,   0.00000
   0.00000,  33.12342,  60.01272,  -0.00000
   0.00000,  39.56010,  60.01370,   0.00000
   0.00000,  46.45246,  60.01328,  -0.00000
   0.00000,  49.63939,  60.01259,  -0.00000
   0.00000,  47.56449,  60.01243,  -0.00000
   0.00000,  42.75452,  60.01330,   0.00000
   0.00000,  40.07625,  60.01442,   0.00000
   0.00000,  41.37978,  60.01536,   0.00000
   0.00000,  48.21252,  60.01445,   0.00000
   0.00000,  55.26306,  60.01284,   0.00000
   0.00000,  57.32120,  60.01166,   0.00000
   0.00000,  53.79383,  60.01111,   0.00000
  -0.00000,  47.38501,  60.01127,   0.00000
   0.00000,  35.99076,  60.01179,  -0.00000
   0.00000,  32.47056,  60.01135,  -0.00000
   0.00000,  30.31325,  60.01078,   0.00000
   0.00000,  25.59871,  60.01127,   0.00000
   0.00000,  22.48855,  60.01226,   0.00000
   0.00000,  21.16257,  60.01355,   0.00000
   0.00000,  26.98257,  60.01402,   0.00000
   0.00000,  33.81957,  60.01335,   0.00000
   0.00000,  39.83852,  60.01170,   0.00000
   0.00000,  42.45512,  60.01013,   0.00000
   0.00000,  38.19721,  60.00994,   0.00000
   0.00000,  32.36027,  60.01094,   0.00000
   0.00000,  32.08300,  60.01254,   0.00000
   0.00000,  35.96721,  60.01320,   0.00000
   0.00000,  43.83396,  60.01275,   0.00000
   0.00000,  52.26422,  60.01167,   0.00000
   0.00000,  53.71385,  60.01108,   0.00000
  -0.00000,  49.44588,  60.01119,   0.00000
  -0.00000,  42.13041,  60.01114,   0.00000
   0.00000,  38.29429,  60.01142,   0.00000
   0.00000,  37.24336,  60.01088,   0.00000
   0.00000,  33.53133,  60.01015,   0.00000
   0.00000,  31.29985,  60.00976,   0.00000
   0.00000,  26.95299,  60.01017,   0.00000
   0.00000,  24.21394,  60.01056,   0.00000
  -0.00000,  23.41456,  60.01080,   0.00000
   0.00000,  25.18824,  60.01027,   0.00000
   0.00000,  26.06949,  60.00924,   0.00000
   0.00000,  24.28752,  60.00882,   0.00000
   0.00000,  20.34333,  60.00942,   0.00000
   0.00000,  20.23713,  60.01079,   0.00000
  -0.00000,  22.33858,  60.01194,   0.00000
  -0.00000,  31.30834,  60.01172,   0.00000
  -0.00000,  45.81617,  60.01011,   0.00000
  -0.00000,  52.73973,  60.00814,   0.00000
  -0.00000,  51.81557,  60.00691,   0.00000
   0.00000,  45.42727,  60.00690,   0.00000
   0.00000,  37.78950,  60.00773,   0.00000
   0.00000,  33.70830,  60.00828,   0.00000
   0.00000,  31.69486,  60.00924,  -0.00000
   0.00000,  34.51074,  60.00912,  -0.00000
   0.00000,  36.17772,  60.00943,   0.00000
  -0.00000,  37.85433,  60.01011,   0.00000
  -0.00000,  37.61423,  60.01086,   0.00000
  -0.00000,  39.62680,  60.01091,   0.00000
  -0.00000,  42.53601,  60.01007,   0.00000
  -0.00000,  44.77357,  60.00864,   0.00000
  -0.00000,  43.95025,  60.00775,   0.00000
  -0.00000,  42.48934,  60.00817,   0.00000
  -0.00000,  40.74455,  60.00889,   0.00000
  -0.00000,  43.44933,  60.00921,   0.00000
  -0.00000,  50.47521,  60.00850,   0.00000
  -0.00000,  57.45021,  60.00674,   0.00000
  -0.00000,  57.70697,  60.00514,   0.00000
  -0.00000,  50.09131,  60.00427,   0.00000
  -0.00000,  40.83693,  60.00534,  -0.00000
  -0.00000,  33.99573,  60.00687,   0.00000
  -0.00000,  31.67189,  60.00783,  -0.00000
   0.00000,  36.56802,  60.00752,  -0.00000
   0.00000,  41.60487,  60.00679,   0.00000
   0.00000,  44.52447,  60.00606,   0.00000
   0.00000,  41.99766,  60.00652,   0.00000
  -0.00000,  38.53898,  60.00732,  -0.00000
   0.00000,  35.90479,  60.00750,  -0.00000
   0.00000,  35.84963,  60.00738,  -0.00000
   0.00000,  36.21814,  60.00710,  -0.00000
   0.00000,  35.57316,  60.00746,  -0.00000
   0.00000,  34.83833,  60.00864,  -0.00000
  -0.00000,  36.13975,  60.01002,  -0.00000
  -0.00000,  42.51556,  60.01002,  -0.00000
  -0.00000,  50.87454,  60.00887,  -0.00000
  -0.00000,  56.47250,  60.00673,  -0.00000
  -0.00000,  50.92685,  60.00466,  -0.00000
  -0.00000,  42.41055,  60.00408,  -0.00000
  -0.00000,  30.68075,  60.00467,  -0.00000
  -0.00000,  17.77875,  60.00611,  -0.00000
  -0.00000,  17.58601,  60.00594,  -0.00000
  -0.00000,  21.69217,  60.00489,  -0.00000
  -0.00000,  21.92471,  60.00389,  -0.00000
  -0.00000,  19.38590,  60.00372,  -0.00000
  -0.00000,  13.74234,  60.00444,  -0.00000
  -0.00000,   9.71544,  60.00515,  -0.00000
  -0.00000,   9.99596,  60.00545,  -0.00000
  -0.00000,  14.54486,  60.00495,  -0.00000
  -0.00000,  22.12519,  60.00455,  -0.00000
  -0.00000,  25.59915,  60.00421,   0.00000
  -0.00000,  27.50677,  60.00445,   0.00000
  -0.00000,  34.54345,  60.00456,   0.00000
